super,article_cluster,keyword,volume,intent
buyer,model::iphone 13,apple iphone 13 release date,3600,Informational
buyer,model::iphone 13,سعر ايفون 13 في السعودية,1900,Informational
buyer,model::iphone 13,سعر ايفون 13 في مصر,1900,Informational
buyer,model::iphone 13,سعر ايفون 13 256 جيجا,1300,Informational
buyer,model::iphone 13,سعر ايفون ١٣ في مصر,1300,Informational
buyer,model::iphone 13,سعر ايفون ١٣ في السعودية,880,Informational
buyer,model::iphone 13,سعر ايفون 13 128 جيجا,720,Informational
buyer,model::iphone 13,سعر ايفون 13 في مصر 128 جيجا,720,Informational
buyer,model::iphone 13,سعر ايفون 13 في الكويت,590,Informational
buyer,model::iphone 16 برو ماكس,سعر ايفون ١٦ برو ماكس,22200,Informational
buyer,model::iphone 16 برو ماكس,سعر ايفون 16 برو max,12100,Informational
buyer,model::iphone 16 برو ماكس,سعر ايفون 16 برو ماكس,5400,Informational
buyer,model::iphone 16 برو ماكس,سعر الايفون 16 برو ماكس,4400,Informational
buyer,model::iphone 16 برو ماكس,سعر ايفون 16 برو max في مصر,3600,Informational
buyer,model::iphone 16 برو ماكس,apple iphone 16 pro max,2900,"Informational, Transactional"
buyer,model::iphone 16 برو ماكس,iphone 16 pro max price in egypt,2400,Informational
buyer,model::iphone 16 برو ماكس,سعر ايفون 16 برو max بالمصري,1900,Informational
buyer,model::iphone 16 برو ماكس,سعر ايفون ١٦ برو ماكس في مصر,1900,Informational
buyer,model::iphone 16 برو ماكس,iphone 16 pro max سعر,1600,Informational
buyer,model::iphone 16 برو ماكس,سعر ايفون 16 برو max في مصر 256,880,Informational
buyer,model::iphone 16 برو ماكس,apple iphone 16 pro max release date,480,Informational
buyer,model::iphone 16 برو ماكس,موعد نزول ايفون 16 برو max,480,Informational
buyer,model::iphone 16 برو ماكس,سعر ايفون 16 برو max بالدولار,390,Informational
buyer,model::iphone 16 برو ماكس,iphone 16 pro max egypt,320,Informational
buyer,model::iphone 16 برو ماكس,iphone 16 pro max سعر في مصر,320,Informational
buyer,model::iphone 16 برو ماكس,سعر تليفون ايفون 16 برو ماكس,320,Informational
buyer,model::iphone 16 برو ماكس,iphone 16 pro max price in saudi arabia,320,Informational
buyer,model::iphone 16 برو ماكس,iphone 16 pro max release date,320,Informational
buyer,model::iphone 16 برو ماكس,سعر ايفون 16 برو max في السعودية,260,Informational
buyer,model::iphone 16 برو ماكس,سعر ايفون 16 pro max,110,Informational
buyer,model::iphone 16 برو ماكس,سعر ايفون 16 برو max في الإمارات,110,Informational
buyer,model::iphone 14 برو ماكس,سعر ايفون 14 برو max,9900,Informational
buyer,model::iphone 14 برو ماكس,سعر ايفون 14 برو max بالمصري,4400,Informational
buyer,model::iphone 14 برو ماكس,سعر ايفون 14 برو max في الإمارات,3600,Informational
buyer,model::iphone 14 برو ماكس,سعر ايفون 14 برو max في مصر 256,3600,Informational
buyer,model::iphone 14 برو ماكس,سعر ايفون 14 برو max في السعودية,2900,Informational
buyer,model::iphone 14 برو ماكس,خلفيات ايفون 14 برو max,2400,Informational
buyer,model::iphone 14 برو ماكس,سعر الايفون 14 برو ماكس,2400,Informational
buyer,model::iphone 14 برو ماكس,سعر ايفون 14 برو max في الكويت,2400,Informational
buyer,model::iphone 14 برو ماكس,سعر ايفون 14 برو ماكس,2400,Informational
buyer,model::iphone 14 برو ماكس,apple iphone 14 pro max release date,1900,Informational
buyer,model::iphone 14 برو ماكس,الوان ايفون 14 برو max,1900,Informational
buyer,model::iphone 14 برو ماكس,سعر ايفون ١٤ برو ماكس,1900,Informational
buyer,model::iphone 14 برو ماكس,ايفون 14 برو ماكس 256,1600,Informational
buyer,model::iphone 14 برو ماكس,سعر ايفون 14 برو max في مصر,1600,Informational
buyer,model::iphone 14 برو ماكس,iphone 14 pro max price egypt,1600,Informational
buyer,model::iphone 14 برو ماكس,مواصفات ايفون 14 برو max,1000,Informational
buyer,model::iphone 14 برو ماكس,apple iphone 14 pro max,880,Informational
buyer,model::iphone 14 برو ماكس,سعر ايفون ١٤ برو ماكس في السعودية,720,Informational
buyer,model::iphone 14 برو ماكس,سعر ايفون 14 برو max في مصر أمازون,590,Informational
buyer,model::iphone 14 برو ماكس,iphone 14 pro max سعر في مصر,480,Informational
buyer,model::iphone 14 برو ماكس,ايفون 14 برو max سعر,480,Informational
buyer,model::iphone 14 برو ماكس,سعر ايفون 14 برو max في السعودية 256,480,Informational
buyer,model::iphone 14 برو ماكس,موعد نزول ايفون 14 برو max,390,Informational
buyer,model::iphone 14 برو ماكس,سعر ومواصفات ايفون 14 برو max,260,Informational
buyer,model::iphone 14 برو ماكس,سعر ايفون 14 برو max في دبي,140,Informational
buyer,model::iphone 14 برو ماكس,iphone 14 pro max price in usa,140,Informational
buyer,model::iphone 14 برو ماكس,سعر iphone 14 pro max في مصر,140,Informational
buyer,model::iphone 13 برو ماكس,سعر ايفون 13 برو max في مصر,18100,Informational
buyer,model::iphone 13 برو ماكس,سعر ايفون ١٣ برو ماكس,12100,Informational
buyer,model::iphone 13 برو ماكس,سعر ايفون 13 برو max في مصر 256,9900,Informational
buyer,model::iphone 13 برو ماكس,سعر ايفون 13 برو ماكس,4400,Informational
buyer,model::iphone 13 برو ماكس,سعر ايفون 13 برو max,3600,Informational
buyer,model::iphone 13 برو ماكس,سعر ايفون 13 برو max في الإمارات,2900,Informational
buyer,model::iphone 13 برو ماكس,الوان ايفون 13 برو max,2400,Informational
buyer,model::iphone 13 برو ماكس,سعر ايفون 13 برو max في السعودية,2400,Informational
buyer,model::iphone 13 برو ماكس,سعر ايفون 13 برو max في مصر 128 جيجا,2400,Informational
buyer,model::iphone 13 برو ماكس,سعر ايفون 13 برو max في مصر اليوم,2400,Informational
buyer,model::iphone 13 برو ماكس,مواصفات ايفون 13 برو max,2400,Informational
buyer,model::iphone 13 برو ماكس,ايفون 13 برو ماكس 256,1900,Informational
buyer,model::iphone 13 برو ماكس,iphone 13 pro max price egypt,1900,Informational
buyer,model::iphone 13 برو ماكس,apple iphone 13 pro max,1600,Informational
buyer,model::iphone 13 برو ماكس,apple iphone 13 pro max release date,1600,Informational
buyer,model::iphone 13 برو ماكس,اسعار ايفون ١٣ برو ماكس,1300,Informational
buyer,model::iphone 13 برو ماكس,ايفون 13 برو max 256,1300,Informational
buyer,model::iphone 13 برو ماكس,سعر ايفون 13 برو max في السعودية 256,480,Informational
buyer,model::iphone 13 برو ماكس,iphone 13 pro max price in egypt,480,Informational
buyer,model::iphone 13 برو ماكس,iphone 13 pro max price in usa,260,Informational
buyer,model::iphone 14,apple iphone 14 release date,1600,Informational
buyer,model::iphone 14,سعر ايفون 14 في مصر,880,Informational
buyer,model::iphone 14,سعر ايفون ١٤ في مصر,880,Informational
buyer,model::iphone 14,سعر ايفون 14 في السعودية,720,Informational
buyer,model::iphone 14,سعر ايفون ١٤ في السعودية,590,Informational
buyer,model::iphone 14,سعر الايفون 14 في مصر,320,Informational
buyer,model::iphone 14,موعد نزول ايفون 14 في مصر,140,Informational
buyer,model::iphone عام,اسعار الايفون في مصر 2021,3600,Informational
buyer,model::iphone عام,support.apple.come/iphone/passcode,1300,"Navigational, Transactional"
buyer,model::iphone عام,الإبلاغ عن أعطال التليفون الأرضي من النت,1300,Informational
buyer,model::iphone عام,تحميل واتساب ايفون للاندرويد اخر اصدار,1000,Informational
buyer,model::iphone عام,support apple come iphone restore,720,"Informational, Transactional"
buyer,model::iphone عام,اسعار الايفون في مصر اليوم,720,Informational
buyer,model::iphone عام,اسعار ايفون في مصر اليوم,720,Informational
buyer,model::iphone عام,تنزيل واتس اب ايفون للاندرويد,720,Informational
buyer,model::iphone عام,فتح حسابين واتس اب في جهاز واحد ايفون,590,Informational
buyer,model::iphone عام,اسعار التابلت سامسونج 10 بوصة,590,Informational
buyer,model::iphone عام,سعر الايفون في مصر اليوم,480,Informational
buyer,model::iphone عام,سعر ايفون في مصر اليوم,480,Informational
buyer,model::iphone عام,how to record a phone call on iphone,480,Informational
buyer,model::iphone عام,how to record a call on iphone,480,Informational
buyer,model::iphone عام,move whatsapp from android to iphone,480,Informational
buyer,model::iphone عام,غير قادر على التنشيط هناك تحديث مطلوب لتنشيط ال iphone,480,Informational
buyer,model::iphone عام,تشغيل الفلاش عند الاتصال ايفون,390,Informational
buyer,model::iphone عام,how to clear cache on iphone,390,Informational
buyer,model::iphone عام,how to screen record on iphone,390,Informational
buyer,model::iphone عام,support apple com iphone restore,320,"Navigational, Transactional"
buyer,model::iphone عام,تحويل الهاتف الى ايفون بالكامل,320,Informational
buyer,model::iphone عام,fbi warns iphone android text messages,320,Informational
buyer,model::iphone عام,برنامج تحويل الاندرويد الى ايفون,260,Informational
buyer,model::iphone عام,سعر ايفون x في مصر,260,Informational
buyer,model::iphone عام,اسعار التابلت في مصر سامسونج,260,Informational
buyer,model::iphone عام,حل مشكلة تجمد التابلت سامسونج,260,Informational
buyer,model::iphone عام,ابلاغ عن اعطال التليفون الارضى,260,Informational
buyer,model::iphone عام,الابلاغ عن اعطال التليفون الارضى,260,Informational
buyer,model::iphone عام,من هو صاحب شركة ابل,210,Informational
buyer,model::iphone عام,اسعار موبايل ايفون في مصر,210,Informational
buyer,model::iphone عام,اسعار موبايلات ايفون في مصر,210,Informational
buyer,model::iphone عام,iphone x icloud locked for sale,210,Informational
buyer,model::iphone عام,اسعار الايفون في بي تك,170,"Informational, Navigational"
buyer,model::iphone عام,اقل سعر ايفون في مصر,170,Informational
buyer,model::iphone عام,تقسيط موبايلات iphone بدون فوائد,170,Informational
buyer,model::iphone عام,سعر الايفون اليوم في مصر,170,Informational
buyer,model::iphone عام,اسعار تابلت سامسونج 32 جيجا,170,Informational
buyer,model::iphone عام,سعر هاتف سامسونج القابل للطي,170,Informational
buyer,model::iphone عام,سعر هاتف سامسونج قابل للطي,170,Informational
buyer,model::iphone عام,اسعار الايفون في تريد لاين,140,Navigational
buyer,model::iphone عام,اسعار ايفون في تريد لاين,140,Navigational
buyer,model::iphone عام,اسعار تليفونات ايفون في مصر,140,Informational
buyer,model::iphone عام,تفعيل ملفات تعريف الارتباط ايفون,140,Informational
buyer,model::iphone عام,سعر الايفون في السراج مول,140,Informational
buyer,model::iphone عام,سعر ايباد ابل في مصر,140,Informational
buyer,model::iphone عام,قراءة رسائل الواتس اب دون فتحها ايفون,140,"Informational, Transactional"
buyer,model::iphone عام,fbi warns iphone android text messaging,140,Informational
buyer,model::iphone عام,how to change hotspot name on iphone,140,Informational
buyer,model::iphone عام,how to move whatsapp chats from android to iphone,140,Informational
buyer,model::iphone عام,اجمل خلفيات موبايل في العالم ايفون,110,Informational
buyer,model::iphone عام,اسعار الهواتف الايفون في مصر,110,Informational
buyer,model::iphone عام,اسعار هواتف الايفون في مصر,110,Informational
buyer,model::iphone عام,اسعار هواتف ايفون في مصر,110,Informational
buyer,model::iphone عام,اماكن بيع الايفون في مصر,110,Informational
buyer,model::iphone عام,سعر الايفون الصيني في مصر,110,Informational
buyer,model::iphone عام,سعر ايفون 10 في مصر,110,Informational
buyer,model::iphone عام,it may take a few minutes to activate your iphone,110,Informational
buyer,model::iphone عام,اماكن بيع ايفون في مصر,90,Informational
buyer,model::iphone عام,سعر ايفون se في مصر,90,Informational
buyer,model::iphone عام,كم سعر ايفون 9 بلس,90,Informational
buyer,model::iphone عام,حل مشكلة الشراء من ابل ستور,90,Informational
buyer,model::iphone عام,how to connect iphone to samsung tv,90,Informational
buyer,model::iphone عام,how to cancel call in iphone,90,Informational
buyer,model::iphone عام,how to decline a call on iphone,90,Informational
buyer,model::iphone عام,how to download songs in iphone,90,Informational
buyer,model::iphone عام,how to export whatsapp chat from android to iphone,90,Informational
buyer,model::iphone عام,how to find hidden apps on iphone,90,Informational
buyer,model::iphone عام,how to import whatsapp chat from android to iphone,90,Informational
buyer,model::iphone عام,iphone 10 price in egypt,70,Informational
buyer,model::iphone عام,اسعار ايفون في دريم 2000,70,Navigational
buyer,model::iphone عام,ايفون معاد تصنيعه من ابل,70,
buyer,model::iphone عام,ايهما افضل سامسونج ام ايفون,70,Informational
buyer,model::iphone عام,تطبيق تحويل الاندرويد الى ايفون,70,Informational
buyer,model::iphone عام,عنوان شركة ايفون لمستحضرات التجميل,70,Commercial
buyer,model::iphone عام,طريقة تركيب شريحة التابلت سامسونج,70,Informational
buyer,model::iphone عام,how to cancel calls on iphone,70,Informational
buyer,model::iphone عام,how to copy contacts from iphone to android,70,Informational
buyer,model::iphone عام,how to export contacts from iphone to android,70,Informational
buyer,model::iphone عام,how to force shut down iphone,70,Informational
buyer,model::iphone 15 برو ماكس,سعر ايفون 15 برو max,33100,Informational
buyer,model::iphone 15 برو ماكس,سعر ايفون 15 برو max في مصر,8100,Informational
buyer,model::iphone 15 برو ماكس,سعر ايفون ١٥ برو ماكس في مصر,4400,Informational
buyer,model::iphone 15 برو ماكس,سعر ايفون 15 برو max بالدولار,3600,Informational
buyer,model::iphone 15 برو ماكس,سعر ايفون 15 برو max في السعودية,3600,Informational
buyer,model::iphone 15 برو ماكس,سعر ايفون 15 برو ماكس,3600,Informational
buyer,model::iphone 15 برو ماكس,موعد نزول ايفون 15 برو max,3600,Informational
buyer,model::iphone 15 برو ماكس,سعر ايفون ١٥ برو ماكس,2900,Informational
buyer,model::iphone 15 برو ماكس,iphone 15 pro max price egypt,2900,Informational
buyer,model::iphone 15 برو ماكس,سعر ايفون 15 برو max في مصر 256,2400,Informational
buyer,model::iphone 15 برو ماكس,ايفون 15 برو max سعر,1600,Informational
buyer,model::iphone 15 برو ماكس,ايفون 15 برو ماكس 256,1600,Informational
buyer,model::iphone 15 برو ماكس,سعر ايفون 15 برو max في مصر 256 اليوم,1300,Informational
buyer,model::iphone 15 برو ماكس,سعر تليفون ايفون 15 برو ماكس,1300,Informational
buyer,model::iphone 15 برو ماكس,apple iphone 15 pro max,1000,Informational
buyer,model::iphone 15 برو ماكس,سعر ايفون 15 برو max في الإمارات,1000,Informational
buyer,model::iphone 15 برو ماكس,سعر ايفون 15 برو ماكس في مصر,1000,Informational
buyer,model::iphone 15 برو ماكس,كم سعر ايفون 15 برو ماكس,1000,Informational
buyer,model::iphone 15 برو ماكس,سعر ايفون 15 برو max في مصر 512 جيجا,720,Informational
buyer,model::iphone 15 برو ماكس,apple iphone 15 pro max release date,480,Informational
buyer,model::iphone 15 برو ماكس,سعر ايفون 15 برو max مصر,480,Informational
buyer,model::iphone 15 برو ماكس,ابل ايفون 15 برو ماكس التيتانيوم,390,Informational
buyer,model::iphone 15 برو ماكس,iphone 15 pro max release date,390,Informational
buyer,model::iphone 15 برو ماكس,iphone 15 pro max سعر في مصر,320,Informational
buyer,model::iphone 15 برو ماكس,ألوان ايفون 15 برو max,210,Informational
buyer,model::iphone 15 برو ماكس,الوان ايفون ١٥ برو ماكس,210,Informational
buyer,model::iphone 15 برو ماكس,موعد نزول ايفون 15 برو max في السعودية,110,Informational
buyer,model::iphone 15 برو ماكس,iphone 15 pro max price in usa,110,Informational
buyer,model::iphone 15 برو ماكس,سعر iphone 15 pro max في مصر,90,Informational
buyer,model::iphone 16,apple iphone 16 release date,1000,Informational
buyer,model::iphone 16,سعر ايفون 16 في مصر,210,Informational
buyer,model::iphone 16,سعر تابلت لينوفو 16 جيجا,90,Informational
buyer,model::iphone 11,سعر ايفون 11 في مصر,3600,Informational
buyer,model::iphone 11,سعر ايفون 11 في مصر 2020,3600,Informational
buyer,model::iphone 11,سعر ايفون 11 في مصر 2021,2400,Informational
buyer,model::iphone 11,iphone 11 price in egypt,1000,Informational
buyer,model::iphone 11,سعر ايفون ١١ في مصر,590,Informational
buyer,model::iphone 11,ارخص سعر ايفون 11 في مصر,390,Informational
buyer,model::iphone 11,سعر ايفون 11 في السعودية,390,Informational
buyer,model::iphone 11,سعر ايفون 11 في مصر اليوم,210,Informational
buyer,model::iphone 11,كم سعر ايفون 11 في مصر,170,Informational
buyer,model::iphone 11,how to turn off iphone 11,170,Informational
buyer,model::iphone 11,سعر ايفون 11 256 جيجا,140,Informational
buyer,model::iphone 11,سعر ايفون 11 فى الامارات,140,Informational
buyer,model::iphone 11,ايفون 11 تقسيط بدون فوائد,110,Informational
buyer,model::iphone 11,سعر iphone 11 في مصر,110,Informational
buyer,model::iphone 11,سعر ايفون ١١ في السعودية,90,Informational
buyer,model::iphone 11,اسعار ايفون 11 في السعودية,70,Informational
buyer,model::iphone 11,سعر ايفون 11 في الكويت,70,Informational
buyer,model::iphone 11 برو ماكس,سعر ايفون 11 برو ماكس,8100,Informational
buyer,model::iphone 11 برو ماكس,سعر ايفون 11 برو max في مصر,6600,Informational
buyer,model::iphone 11 برو ماكس,سعر ايفون ١١ برو ماكس,2900,Informational
buyer,model::iphone 11 برو ماكس,سعر ايفون 11 برو max,1900,Informational
buyer,model::iphone 11 برو ماكس,apple iphone 11 pro max,720,Informational
buyer,model::iphone 11 برو ماكس,صور ايفون 11 برو ماكس,590,Informational
buyer,model::iphone 11 برو ماكس,iphone 11 pro max price egypt,590,Informational
buyer,model::iphone 11 برو ماكس,سعر ايفون 11 برو max في السعودية,480,Informational
buyer,model::iphone 11 برو ماكس,شكل ايفون 11 برو ماكس,480,Informational
buyer,model::iphone 11 برو ماكس,سعر ايفون 11 برو ماكس في مصر,390,Informational
buyer,model::iphone 11 برو ماكس,سعر تليفون ايفون 11 برو ماكس,390,Informational
buyer,model::iphone 11 برو ماكس,اسعار ايفون 11 برو ماكس,260,Informational
buyer,model::iphone 11 برو ماكس,الوان ايفون 11 برو ماكس,260,Informational
buyer,model::iphone 11 برو ماكس,اسعار ايفون 11 pro max,210,Informational
buyer,model::iphone 11 برو ماكس,اسعار ايفون ١١ برو ماكس,210,Informational
buyer,model::iphone 11 برو ماكس,الوان ايفون ١١ برو ماكس,210,Informational
buyer,model::iphone 11 برو ماكس,سعر ايفون ١١ برو ماكس في مصر,210,Informational
buyer,model::iphone 11 برو ماكس,iphone 11 pro max سعر في مصر,170,Informational
buyer,model::iphone 11 برو ماكس,سعر ايفون 11 pro max في مصر,170,Informational
buyer,model::iphone 11 برو ماكس,سعر ايفون 11 برو ماكس في السعوديه,170,Informational
buyer,model::iphone 11 برو ماكس,سعر ايفون برو ماكس 11,170,Informational
buyer,model::iphone 11 برو ماكس,iphone 11 pro max price in egypt,170,Informational
buyer,model::iphone 11 برو ماكس,سعر ايفون ١١ برو ماكس في السعوديه,140,Informational
buyer,model::iphone 11 برو ماكس,سعر موبايل ايفون 11 برو ماكس,140,Informational
buyer,model::iphone 11 برو ماكس,مواصفات ايفون 11 برو ماكس,140,Informational
buyer,model::iphone 11 برو ماكس,ايفون ١١ برو ماكس ٢٥٦,90,Informational
buyer,model::iphone 11 برو ماكس,iphone 11 pro max white,70,"Informational, Transactional"
buyer,model::iphone 11 برو ماكس,سعر هاتف ايفون 11 برو ماكس,70,Informational
buyer,model::iphone 11 برو ماكس,how much is iphone 11 pro max in egypt,70,Informational
buyer,model::iphone 14 بلس,apple ابل ايفون 14 بلس,720,Informational
acc,watch,apple watch price in egypt,590,Informational
acc,watch,apple watch 7 release date,140,Informational
acc,watch,apple watch price in dubai,110,Informational
acc,watch,apple watch serial number check,110,"Informational, Transactional"
acc,watch,how to connect apple watch to iphone,110,Informational
acc,watch,how to pair apple watch with iphone,90,Informational
buyer,model::iphone 8 برو ماكس,apple iphone 18 pro max,390,"Informational, Transactional"
buyer,model::iphone 8 برو,apple's iphone 18 pro to feature new ltpo+ oled panels,260,"Informational, Transactional"
buyer,model::iphone 11 برو,سعر ايفون 11 برو في مصر 2021,2900,Informational
buyer,model::iphone 11 برو,سعر ايفون 11 برو في مصر 2020,1600,Informational
buyer,model::iphone 11 برو,سعر ايفون 11 برو 256 جيجا,390,Informational
buyer,model::iphone 11 برو,سعر ايفون 11 برو في مصر,390,Informational
buyer,model::iphone 11 برو,iphone 11 pro price in egypt,260,Informational
buyer,model::iphone 11 برو,سعر ايفون 11 برو في مصر 256 جيجا,170,Informational
buyer,model::iphone 11 برو,iphone 11 pro price egypt,90,Informational
buyer,model::iphone 11 برو,سعر تليفون ايفون 11 برو,90,Informational
buyer,model::iphone 11 برو,سعر ايفون 11 برو مكس,70,Informational
buyer,model::iphone 11 برو,سعر ايفون ١١ برو في مصر,70,Informational
buyer,model::iphone xr,سعر ايفون xr في مصر 2021,1000,Informational
buyer,model::iphone xr,iphone xr price in egypt,210,Informational
buyer,model::iphone xr,سعر ايفون xr في مصر,140,Informational
buyer,model::iphone xr,سعر ايفون xr في مصر اليوم,140,Informational
buyer,model::iphone xr,how much is iphone xr in egypt,90,Informational
acc,earbuds_audio,كيفية اقتران سماعة البلوتوث بالجوال سامسونج,390,Informational
acc,earbuds_audio,سعر سماعات akg سامسونج الاصلية,260,Informational
acc,earbuds_audio,how to connect airpods to iphone,260,Informational
acc,earbuds_audio,كيفية تشغيل السماعة البلوتوث على الموبايل,210,"Informational, Transactional"
acc,earbuds_audio,apple airpods 2nd generation with charging case,170,"Navigational, Transactional"
acc,earbuds_audio,كيفية توصيل النت من الموبايل للكمبيوتر عن طريق البلوتوث,170,Informational
acc,earbuds_audio,apple airpods max over ear headphones,140,Navigational
acc,earbuds_audio,شحن الموبايل عن طريق البلوتوث,140,Informational
acc,earbuds_audio,المايك لا يعمل والسماعة تعمل سامسونج,140,Informational
acc,earbuds_audio,السماعة الخارجية لا تعمل سامسونج,140,"Informational, Transactional"
acc,earbuds_audio,apple airpods with charging case,110,"Navigational, Transactional"
acc,earbuds_audio,سماعات دي جي مستعمله للبيع,70,Informational
acc,cables_usb,تشغيل الموبايل على الشاشة بكابل usb,720,Informational
acc,cables_usb,معرض السويدى للأدوات و الكابلات الكهربائيه,720,Commercial
acc,cables_usb,كيفية تشغيل otg على الموبايل,320,Informational
acc,cables_usb,سعر سهم الكابلات الكهربائية المصرية اليوم,320,Informational
acc,cables_usb,كيفية توصيل النت للكمبيوتر بدون كابل,320,Informational
acc,cables_usb,رقم تليفون شركة السويدى للكابلات,320,Commercial
acc,cables_usb,توصيل النت من الموبايل للكمبيوتر عن طريق usb,210,Informational
acc,cables_usb,توصيل نت من الموبايل للكمبيوتر عن طريق usb,210,Informational
acc,cables_usb,apple lightning to 3.5 mm adapter,170,Informational
acc,cables_usb,اسعار منتجات شركة الكابلات الكهربائية المصرية,170,Informational
acc,cables_usb,الشركة العالمية للكابلات العاشر من رمضان,170,Commercial
acc,cables_usb,سعر كابل نت كات 6 السويدي,170,Informational
acc,cables_usb,معرفة باسورد الواى فاي من الكمبيوتر المتصل بكابل,170,"Informational, Transactional"
acc,cables_usb,كيفية توصيل النت من الكمبيوتر للموبايل عن طريق usb,140,Informational
acc,cables_usb,اسعار شركة الكابلات الكهربائية المصرية مسطرد,140,Informational
acc,cables_usb,توصيل اللاب توب بالشاشة بدون كابل,140,Informational
acc,cables_usb,كيفية توصيل الهاتف بالكمبيوتر بدون كابل,140,Informational
acc,cables_usb,برنامج نقل الملفات من الموبايل إلى الكمبيوتر عن طريق usb,110,Informational
acc,cables_usb,type c to type c cable,110,Informational
acc,cables_usb,كيفية نقل الصور من الهاتف الى الكمبيوتر بدون كابل,110,"Informational, Transactional"
acc,cables_usb,apple earpods with lightning connector,90,Informational
acc,cables_usb,طريقة استقبال القنوات الارضية والفضائية بكابل واحد بالصور,90,Navigational
acc,cables_usb,طريقة ربط راوتر براوتر اخر عن طريق كابل,90,Navigational
acc,cables_usb,apple lightning to 3.5 mm,70,Informational
acc,cables_usb,سعر كابل توصيل الموبايل بالتلفزيون,70,Informational
acc,cables_usb,سعر سهم شركة الكابلات الكهربائية المصرية,70,Informational
acc,cables_usb,وصلة يو اس بي تايب سي,70,Informational
acc,cables_usb,samsung usb type c cable,70,"Informational, Transactional"
buyer,model::iphone 15,سعر ايفون 15 في السعودية,720,Informational
buyer,model::iphone 15,موعد مؤتمر آبل 2023 آيفون 15,170,Informational
buyer,model::iphone 15,apple iphone 15 release date,140,Informational
buyer,model::iphone 15,موعد مؤتمر ابل ايفون 15,90,Informational
buyer,model::iphone 17 برو ماكس,سعر ايفون 17 برو ماكس,18100,Informational
buyer,model::iphone 17 برو ماكس,سعر ايفون ١٧ برو ماكس,9900,Informational
buyer,model::iphone 17 برو ماكس,سعر آيفون 17 برو max بالمصري,6600,Informational
buyer,model::iphone 17 برو ماكس,سعر ايفون 17 برو ماكس في مصر,4400,Informational
buyer,model::iphone 17 برو ماكس,سعر ايفون 17 برو ماكس في السعوديه,2900,Informational
buyer,model::iphone 17 برو ماكس,iphone 17 pro max price in egypt,2900,Informational
buyer,model::iphone 17 برو ماكس,كم سعر ايفون 17 برو ماكس,2400,Informational
buyer,model::iphone 17 برو ماكس,صور ايفون 17 برو ماكس,1900,Informational
buyer,model::iphone 17 برو ماكس,iphone 17 pro max to buy,1900,Informational
buyer,model::iphone 17 برو ماكس,ايفون 17 برو ماكس كم سعره,1300,Informational
buyer,model::iphone 17 برو ماكس,سعر ايفون 17 برو ماكس في الامارات,1000,
buyer,model::iphone 17 برو ماكس,اسعار ايفون 17 برو ماكس,590,Informational
buyer,model::iphone 17 برو ماكس,جراب ايفون 17 برو ماكس,390,Informational
buyer,model::iphone 17 برو ماكس,موبايل ايفون 17 برو ماكس,390,Informational
buyer,model::iphone 17 برو ماكس,سعر ايفون 17 برو max في مصر 512,320,Informational
buyer,model::iphone 12 برو ماكس,سعر ايفون 12 برو max,12100,Informational
buyer,model::iphone 12 برو ماكس,سعر ايفون 12 برو ماكس,3600,Informational
buyer,model::iphone 12 برو ماكس,سعر ايفون ١٢ برو ماكس,3600,Informational
buyer,model::iphone 12 برو ماكس,سعر ايفون 12 برو max في مصر اليوم,2400,Informational
buyer,model::iphone 12 برو ماكس,مواصفات ايفون 12 برو max,2400,Informational
buyer,model::iphone 12 برو ماكس,سعر ايفون 12 برو max في السعودية,1900,Informational
buyer,model::iphone 12 برو ماكس,سعر ايفون 12 برو max في مصر,1900,Informational
buyer,model::iphone 12 برو ماكس,سعر ايفون 12 برو max في مصر 256,1900,Informational
buyer,model::iphone 12 برو ماكس,سعر ايفون 12 pro max في مصر,1300,Informational
buyer,model::iphone 12 برو ماكس,iphone 12 pro max price egypt,880,Informational
buyer,model::iphone 12 برو ماكس,سعر ايفون 12 برو max في الكويت,880,Informational
buyer,model::iphone 12 برو ماكس,سعر ايفون 12 برو max في مصر 128 جيجا,880,Informational
buyer,model::iphone 12 برو ماكس,ايفون 12 برو max ذهبي,390,Informational
buyer,used::iphone x max,سعر ايفون x max مستعمل,6600,Informational
buyer,model::iphone 8 بلس,سعر ايفون 8 بلس في مصر 2021,3600,Informational
buyer,model::iphone 8 بلس,سعر ايفون 8 بلس 256,1000,Informational
buyer,model::iphone 8 بلس,سعر ايفون 8 بلس 2021,880,Informational
buyer,model::iphone 8 بلس,سعر ومواصفات ايفون 8 بلس,320,Informational
buyer,model::iphone 8 بلس,كم سعر ايفون 8 بلس,260,Informational
buyer,model::iphone 8 بلس,iphone 8 plus price in egypt,170,Informational
buyer,model::iphone 8 بلس,سعر ايفون 8 بلس في مصر,110,Informational
buyer,model::iphone 8 بلس,سعر تليفون ايفون 8 بلس,70,Informational
buyer,model::iphone 13 برو,سعر ايفون 13 برو في مصر,2400,Informational
buyer,model::iphone 12 بلس,سعر ايفون 7 بلس 128 جيجا,2400,Informational
buyer,model::iphone 12 بلس,سعر ايفون 6 بلس 128 جيجا,590,Informational
buyer,model::iphone 12 بلس,سعر ايفون 8 بلس 128 جيجا في مصر اليوم,260,Informational
buyer,model::iphone 12 بلس,سعر ايفون 7 بلس 128 جيجا في مصر اليوم,110,Informational
buyer,model::iphone 12 بلس,سعر ايفون 6 اس بلس 128 جيجا في مصر,70,Informational
buyer,model::iphone xs,سعر ايفون xs max في مصر 2021,2400,Informational
buyer,model::iphone xs,سعر ايفون xs max في مصر,880,Informational
buyer,model::iphone xs,سعر ايفون xs max 256 في مصر,480,Informational
buyer,model::iphone xs,كم سعر ايفون xs max,320,Informational
buyer,model::iphone xs,iphone xs max price in egypt,320,Informational
buyer,model::iphone xs,سعر ايفون xs في مصر,170,Informational
buyer,model::iphone xs,سعر ايفون xs في مصر اليوم,110,Informational
buyer,model::iphone xs,سعر تليفون ايفون xs max,110,Informational
buyer,model::iphone xs,سعر ايفون xs max في السعودية,90,Informational
buyer,model::iphone xs,سعر موبايل ايفون xs max,70,Informational
buyer,used::iphone 12 برو ماكس,سعر ايفون 12 برو max مستعمل,1900,Informational
buyer,model::iphone 12 برو,سعر ايفون ١٢ برو في مصر,1900,Informational
buyer,model::iphone 12 برو,سعر ايفون 12 برو في مصر,1000,Informational
buyer,model::iphone 12 برو,سعر ايفون 12 برو في مصر 2021,720,Informational
buyer,model::iphone 12 برو,أبل أيفون 12 برو بشريحتي اتصال,590,Informational
buyer,model::iphone 12 برو,iphone 12 pro price in egypt,260,Informational
buyer,model::iphone 12 برو,سعر ايفون 12 برو في السعودية,210,Informational
buyer,model::iphone 12,سعر ايفون 11 في مصر 128 جيجا,1600,Informational
buyer,model::iphone 12,سعر ايفون 12 في مصر 128 جيجا,1000,Informational
buyer,model::iphone 12,سعر ايفون 12 في مصر,880,Informational
buyer,model::iphone 12,سعر ايفون 12 في السعودية,720,Informational
buyer,model::iphone 12,سعر ايفون 12 في مصر 2021,720,Informational
buyer,model::iphone 12,سعر ايفون ١٢ في مصر,320,Informational
buyer,model::iphone 12,سعر تابلت سامسونج 12 بوصة,320,Informational
buyer,model::iphone 12,سعر ايفون 11 128 جيجا,110,Informational
buyer,model::iphone 12,سعر ايفون xr 128 في مصر,90,Informational
buyer,model::iphone x,سعر ايفون اكس اس ماكس,1600,Informational
buyer,model::iphone x,ايفون اكس اس ماكس 256,590,Informational
buyer,model::iphone x,كم سعر ايفون اكس ار,110,Informational
buyer,model::iphone x,مواصفات ايفون اكس اس ماكس,110,Informational
buyer,used::iphone 13 برو ماكس,ايفون 13 برو max مستعمل,880,Informational
buyer,used::iphone 8 بلس,سعر ايفون 8 بلس مستعمل,880,"Informational, Navigational"
buyer,used::iphone 8 بلس,سعر ايفون 8 بلس مستعمل في مصر 2021,590,Informational
buyer,used::iphone 8 بلس,سعر ايفون ٨ بلس مستعمل,140,Informational
buyer,model::iphone 7 بلس,سعر أيفون 7 بلس 256 جيجا,720,Informational
buyer,model::iphone 7 بلس,كم سعر ايفون 7 بلس,170,Informational
buyer,model::iphone 7 بلس,سعر ايفون 7 بلس اليوم,110,Informational
buyer,model::iphone 7 بلس,سعر ومواصفات ايفون 7 بلس,110,Informational
buyer,model::iphone 7 بلس,سعر ايفون 7 بلس 64 جيجا,90,Informational
buyer,model::iphone 7 بلس,iphone 7 plus price in egypt,70,"Informational, Transactional"
buyer,model::iphone xs max,سعر ايفون اكس ماكس في مصر,720,Informational
buyer,model::iphone xs max,سعر تليفون ايفون اكس ماكس,260,Informational
buyer,model::iphone xs max,سعر ايفون اكس ماكس في السعوديه,70,Informational
buyer,model::iphone 14 برو,iphone 14 pro price egypt,590,Informational
buyer,used::iphone 12 بلس,سعر ايفون 7 بلس 128 جيجا مستعمل,590,Informational
buyer,used::iphone 12 بلس,سعر ايفون 6 بلس 128 جيجا مستعمل,140,Informational
acc,data_transfer,how to transfer contacts to new phone,9900,Informational
acc,data_transfer,نقل الواتس من اندرويد الى ايفون,590,Informational
acc,data_transfer,نقل الواتساب من اندرويد الى ايفون,590,Informational
acc,data_transfer,نقل واتس اب من اندرويد الى ايفون,590,Informational
acc,data_transfer,how to transfer data from iphone to iphone,590,Informational
acc,data_transfer,how to transfer data from android to iphone,480,Informational
acc,data_transfer,transfer whatsapp from android to iphone,480,"Informational, Transactional"
acc,data_transfer,ازاي انقل من ايفون لايفون,260,Informational
acc,data_transfer,how to transfer contacts from android to iphone,260,Informational
acc,data_transfer,how to transfer whatsapp data from android to iphone,260,Informational
acc,data_transfer,transfer data from android to iphone,260,Informational
acc,data_transfer,نقل الاسماء من ايفون الى اندرويد,210,"Informational, Transactional"
acc,data_transfer,نقل البيانات من اندرويد الى ايفون,210,Informational
acc,data_transfer,نقل البيانات من ايفون لايفون بدون اي كلاود,210,Informational
acc,data_transfer,نقل الواتس من ايفون لاندرويد,210,Informational
acc,data_transfer,نقل من اندرويد الى ايفون,210,Informational
acc,data_transfer,how to transfer whatsapp chat from android to iphone,210,Informational
acc,data_transfer,كيفيه نقل الارقام من تليفون لاخر,210,Informational
acc,data_transfer,برنامج نقل من اندرويد الى ايفون,170,Informational
acc,data_transfer,ازاى انقل الواتس من موبايل لموبايل,170,"Informational, Transactional"
acc,data_transfer,ازاى انقل ملفات من الموبايل للكمبيوتر,170,Informational
acc,data_transfer,كيفيه نقل بيانات من موبايل لاخر,170,Informational
acc,data_transfer,نقل الملفات من الموبايل للكمبيوتر,170,Informational
acc,data_transfer,نقل الواتس من موبايل لموبايل,170,Informational
acc,data_transfer,نقل ملف من الموبايل للكمبيوتر,170,Informational
acc,data_transfer,نقل ملفات من الموبايل للكمبيوتر,170,Informational
acc,data_transfer,نقل الاسماء من الهاتف الى الشريحة سامسونج,170,Informational
acc,data_transfer,how to transfer whatsapp from android to iphone,170,Informational
acc,data_transfer,transfer data from iphone to iphone,170,Informational
acc,data_transfer,كيف انقل البيانات من ايفون لايفون,140,Informational
acc,data_transfer,كيف انقل بياناتي من ايفون لايفون,140,Informational
acc,data_transfer,كيفية نقل بيانات من ايفون لايفون,140,Informational
acc,data_transfer,نقل البيانات من ايفون الى ايفون,140,"Informational, Transactional"
acc,data_transfer,نقل البيانات من ايفون لايفون,140,Informational
acc,data_transfer,نقل الصور من اندرويد الى ايفون,140,Informational
acc,data_transfer,how to transfer data from iphone to android,140,Informational
acc,data_transfer,how to transfer photos from iphone to mac,140,Informational
acc,data_transfer,برنامج نقل البيانات من ايفون لايفون,110,Informational
acc,data_transfer,نقل الملفات من اندرويد الى ايفون,110,Informational
acc,data_transfer,نقل الواتس من ايفون الى اندرويد,110,Informational
acc,data_transfer,نقل الواتساب من ايفون الى اندرويد,110,"Informational, Transactional"
acc,data_transfer,نقل ملفات من اندرويد الى ايفون,110,Informational
acc,data_transfer,برنامج لنقل الملفات من الموبايل للكمبيوتر,110,"Informational, Transactional"
acc,data_transfer,برنامج نقل الملفات من الموبايل للكمبيوتر,110,Informational
acc,data_transfer,how to transfer contacts from iphone to iphone,110,Informational
acc,data_transfer,how to transfer photos from iphone to pc,110,Informational
acc,data_transfer,how to transfer whatsapp chats from iphone to android,110,Informational
acc,data_transfer,how to transfer whatsapp history from iphone to android,110,Informational
acc,data_transfer,how to transfer whatsapp messages from iphone to android,110,Informational
acc,data_transfer,transfer photos from iphone to pc,110,Informational
acc,data_transfer,transfer whatsapp from iphone to android,110,Informational
acc,data_transfer,رقم تليفون دار ضباط النقل شبرا الخيمة,110,Navigational
acc,data_transfer,النقل من ايفون الى اندرويد,90,Informational
acc,data_transfer,نقل الداتا من ايفون لايفون,90,Informational
acc,data_transfer,نقل جهات الاتصال من اندرويد الى ايفون,90,Informational
acc,data_transfer,نقل محادثات الواتس من اندرويد الى ايفون,90,Informational
acc,data_transfer,transfer phone contacts from android to iphone,90,Informational
acc,data_transfer,معرفة الارقام اللي اتصلت بك وتليفونك مغلق اتصالات,90,Informational
acc,data_transfer,نقل محادثات الواتس اب من اندرويد الى ايفون,70,Informational
acc,data_transfer,ازاى انقل الاسماء من موبايل لموبايل,70,Informational
acc,data_transfer,how to transfer contacts from iphone to android,70,Informational
acc,data_transfer,how to transfer whatsapp from iphone to android,70,Informational
acc,data_transfer,transfer contacts from android to iphone,70,Informational
buyer,used::iphone عام,اسعار ايفون المستعمل في مصر,390,Informational
buyer,used::iphone عام,ايفون مستعمل للبيع في الامارات,110,Informational
buyer,used::iphone عام,افضل مكان لشراء ايفون مستعمل,90,"Informational, Transactional"
buyer,used::iphone عام,ايفون مستعمل في حدود 2500,90,Informational
buyer,used::iphone عام,اسعار ايفون مستعمل في السعودية,70,Informational
buyer,used::iphone 7 بلس,سعر ايفون 7 بلس مستعمل,320,Informational
buyer,used::iphone 7 بلس,سعر ايفون ٧ بلس مستعمل,140,Informational
buyer,model::iphone 8,سعر ايفون 8 في مصر 2021,320,Informational
buyer,model::iphone 8,سعر ايفون 8 في مصر,140,Informational
buyer,used::iphone 6,سعر ايفون x 256 مستعمل,260,Informational
buyer,used::iphone 6,سعر ايفون 6 مستعمل 64 جيجا,140,Informational
buyer,model::iphone 16 بلس,سعر ايفون 16 بلس في مصر,210,Informational
buyer,model::iphone 6 بلس,سعر ايفون 6 اس بلس 64 جيجا,210,Informational
buyer,used::iphone 6 بلس,سعر ايفون 6 بلس مستعمل,210,Informational
buyer,model::iphone x برو ماكس,سعر ايفون 7 برو ماكس,210,Informational
buyer,used::iphone xs,سعر ايفون xs max في مصر مستعمل,210,Informational
buyer,compare::iphone 11 برو,الفرق بين ايفون ١١ وايفون ١١برو,170,Informational
buyer,model::iphone 7,سعر تابلت سامسونج a7 بتاع المدارس,1300,Informational
buyer,model::iphone 7,سعر تابلت سامسونج a7 في مصر,390,Informational
buyer,model::iphone 7,سعر ايفون 7 في مصر,140,Informational
buyer,model::iphone 7,اسعار التابلت سامسونج 7 بوصة,90,Informational
buyer,model::iphone x max,سعر ايفون x max في مصر,110,Informational
buyer,compare::iphone xs,الفرق بين ايفون x و xs,90,Informational
buyer,compare::iphone x برو ماكس,الفرق بين ايفون برو وبرو ماكس,70,Informational
buyer,used::iphone 12,سعر ايفون 7 128 جيجا مستعمل,70,"Informational, Transactional"
buyer,used::iphone 8,سعر ايفون 8 مستعمل في مصر,70,Informational
buyer,model::oppo,سعر موبايل اوبو رينو 6,6600,Informational
buyer,model::oppo,سعر تليفون اوبو رينو 6,4400,Informational
buyer,model::oppo,سعر موبايل اوبو رينو 5,3600,Informational
buyer,model::oppo,سعر موبايل اوبو رينو 12,2900,Informational
buyer,model::oppo,سعر تليفون اوبو رينو 12,2900,Informational
buyer,model::oppo,سعر تليفون اوبو 128 جيجا 6 رام,2400,Informational
buyer,model::oppo,سعر تليفون اوبو رينو 4,1900,Informational
buyer,model::oppo,سعر تليفون اوبو اي 5,1600,Informational
buyer,model::oppo,سعر تليفون اوبو رينو 5,1600,Informational
buyer,model::oppo,سعر موبايل اوبو رينو 15,1300,Informational
buyer,model::oppo,سعر موبايل اوبو رينو 4,1300,Informational
buyer,model::oppo,سعر موبايل اوبو رينو 7,1000,Informational
buyer,model::oppo,سعر تليفون اوبو اي 16,880,Informational
buyer,model::oppo,سعر موبايل اوبو a55 مساحة 128,720,Informational
buyer,model::oppo,سعر موبايل اوبو رينو 11,720,Informational
buyer,model::oppo,سعر موبايل oppo reno 5,590,Informational
buyer,model::oppo,سعر التليفون الاوبو اي 5,390,Informational
buyer,model::oppo,سعر تليفون اوبو رينو 10,320,Informational
buyer,model::oppo,سعر موبايل اوبو رينو 10,210,Informational
buyer,model::oppo,تشغيل الفلاشة على الموبايل اوبو,170,Informational
buyer,model::oppo,سعر موبايل oppo a9 2020,170,Informational
buyer,model::oppo,اسعار الموبايلات الاوبو في مصر,140,Informational
buyer,model::oppo,سعر التليفون الاوبو اف 9,140,Informational
buyer,model::oppo,سعر تليفون اوبو اف 11,110,Informational
buyer,model::oppo,ارخص موبايل اوبو في مصر,90,Informational
buyer,model::oppo,عروض دريم 2000 للموبايلات اوبو,90,Navigational
buyer,model::oppo,مميزات وعيوب موبايل اوبو a5,90,"Informational, Transactional"
buyer,model::oppo,ما هو افضل تليفون اوبو,90,Informational
buyer,model::oppo,ارخص تليفون اوبو في مصر,70,Informational
buyer,model::xiaomi,سعر تليفون ريدمي نوت 10,3600,Informational
buyer,model::xiaomi,سعر موبايل شاومي 128 جيجا,2900,Informational
buyer,model::xiaomi,سعر موبايل ريدمي نوت 10,2400,Informational
buyer,model::xiaomi,سعر تليفون ريدمي نوت 12,2400,Informational
buyer,model::xiaomi,سعر تليفون ريدمي نوت 9,2400,Informational
buyer,model::xiaomi,سعر موبايل ريدمي نوت 12,1900,Informational
buyer,model::xiaomi,سعر تليفون ريدمي نوت 14,1600,Informational
buyer,model::xiaomi,سعر موبايل ريدمي نوت 10 برو,1300,Informational
buyer,model::xiaomi,سعر موبايل ريدمي نوت 13,880,Informational
buyer,model::xiaomi,سعر تليفون ريدمي نوت 11,880,Informational
buyer,model::xiaomi,سعر موبايل ريدمي نوت 11,720,Informational
buyer,model::xiaomi,سعر تليفون ريدمي نوت 13,590,Informational
buyer,model::xiaomi,موقع شاومي الرسمي في مصر,320,Navigational
buyer,model::xiaomi,سعر موبايل ريدمي 8 برو,210,Informational
buyer,model::xiaomi,اسعار موبايل شاومى فى مصر,170,Informational
buyer,model::xiaomi,سعر تليفون ريدمى نوت 8,170,Informational
buyer,model::xiaomi,سعر تليفون شاومي نوت 10,140,Informational
buyer,model::xiaomi,اسعار موبايلات شاومي في مصر,110,Informational
buyer,model::xiaomi,سعر موبايل ريدمي نوت 8,110,Informational
buyer,model::xiaomi,سعر موبايل ريدمي نوت 9,110,Informational
buyer,model::xiaomi,سعر موبايل شاومي ريدمي 6,110,Informational
buyer,model::xiaomi,مواصفات ريدمي نوت 9 برو,110,Informational
buyer,model::samsung عام,افضل هاتف سامسونج فئة a,3600,Informational
buyer,model::samsung عام,سامسونج جالكسي اس 23 الترا,3600,Informational
buyer,model::samsung عام,اسعار الموبايلات السامسونج في مصر,1900,Informational
buyer,model::samsung عام,سعر سامسونج تاب a7 في مصر,1900,Informational
buyer,model::samsung عام,أسعار هواتف سامسونج فئة a,1600,Informational
buyer,model::samsung عام,سامسونج جالكسي إيه 55 5 جي,1600,Informational
buyer,model::samsung عام,جميع هواتف سامسونج بالترتيب واسعارها,1300,Informational
buyer,model::samsung عام,اسعار تليفونات سامسونج في مصر,1300,Informational
buyer,model::samsung عام,اسعار موبايلات سامسونج 2021 في مصر,1300,Informational
buyer,model::samsung عام,سامسونج جالكسي اس 24 الترا,1300,Informational
buyer,model::samsung عام,سعر هاتف سامسونج bts في مصر,1000,Informational
buyer,model::samsung عام,سعر سامسونج اس 22 الترا في مصر,1000,Informational
buyer,model::samsung عام,ازالة الوضع الامن في السامسونج,1000,Informational
buyer,model::samsung عام,سعر تصليح شاشة موبايل سامسونج,880,Informational
buyer,model::samsung عام,جميع هواتف سامسونج بالترتيب 2024,880,Informational
buyer,model::samsung عام,أسعار شاشات سامسونج 50 بوصة,880,Informational
buyer,model::samsung عام,سعر سامسونج اس 24 الترا,880,Informational
buyer,model::samsung عام,طريقة ضبط الساعة في سامسونج,880,Informational
buyer,model::samsung عام,samsung s26 ultra price in egypt,720,Informational
buyer,model::samsung عام,عروض كارفور 2021 على الشاشات سامسونج اليوم,720,Informational
buyer,model::samsung عام,كيفية تغيير الساعة في السامسونج,720,Informational
buyer,model::samsung عام,samsung galaxy galaxy s26 ultra,590,"Informational, Navigational"
buyer,model::samsung عام,samsung galaxy s26 ultra release date,590,Informational
buyer,model::samsung عام,اسعار موبايلات سامسونج في مصر,590,Informational
buyer,model::samsung عام,سعر سامسونج s26 ultra في مصر,590,Informational
buyer,model::samsung عام,تنزيل تحديث الجهاز كامل سامسونج,590,Informational
buyer,model::samsung عام,سعر سامسونج اس 23 الترا,590,Informational
buyer,model::samsung عام,تحميل برنامج الاذان للموبايل مجانا سامسونج,480,Informational
buyer,model::samsung عام,تنزيل لعبة صب واي للموبايل سامسونج,480,Informational
buyer,model::samsung عام,ماذا يطلق على ساعات سامسونج الذكية,480,Informational
buyer,model::samsung عام,مقاس شاشة 65 بوصة بالسنتيمتر سامسونج,480,Informational
buyer,model::samsung عام,ايهما افضل سامسونج ام اوبو,480,Informational
buyer,model::samsung عام,تحميل برنامج القران الكريم للموبايل سامسونج,390,Informational
buyer,model::samsung عام,تشغيل الفلاشة على الموبايل سامسونج,390,Informational
buyer,model::samsung عام,أحدث موبايلات سامسونج 2021 واسعارها,390,Informational
buyer,model::samsung عام,اسعار التليفونات السامسونج في مصر,390,Informational
buyer,model::samsung عام,أفضل هاتف سامسونج فئة a 2024,390,"Informational, Transactional"
buyer,model::samsung عام,حل مشكلة بيانات الهاتف لا تعمل سامسونج,390,Informational
buyer,model::samsung عام,كيفية الغاء التحويل الشرطي في السامسونج,390,Informational
buyer,model::samsung عام,كود رفع صوت هاتف سامسونج,390,Informational
buyer,model::samsung عام,كيفية استرجاع شبكة الهاتف سامسونج,390,Informational
buyer,model::samsung عام,موبايل سامسونج تاتش ب 1000 جنيه,320,Informational
buyer,model::samsung عام,حل مشكلة لم يتم التسجيل على الشبكة سامسونج,320,"Informational, Transactional"
buyer,model::samsung عام,ذاكرة الهاتف ممتلئة ولكنها فارغة سامسونج,320,Informational
buyer,model::samsung عام,مقاس شاشة 50 بوصة بالسنتيمتر سامسونج,320,Informational
buyer,model::samsung عام,مشكلة تغير لون شاشة السامسونج,320,Informational
buyer,model::samsung عام,اسعار قطع غيار شاشات سامسونج موبايل,260,Informational
buyer,model::samsung عام,موبايل سامسونج تاتش ب 200 جنيه,260,Informational
buyer,model::samsung عام,موبايلات سامسونج ب 1000 جنيه,260,Informational
buyer,model::samsung عام,samsung mobile prices in egypt,260,Informational
buyer,model::samsung عام,sky distribution samsung & etisalat egypt,260,Navigational
buyer,model::samsung عام,حل مشكلة لا توجد بطاقة sim سامسونج,260,Informational
buyer,model::samsung عام,شاشة التلفزيون سوداء مع وجود صوت سامسونج,260,Informational
buyer,model::samsung عام,كود الغاء حظر المكالمات الصادرة سامسونج,260,Informational
buyer,model::samsung عام,مقاس شاشة 43 بوصة بالسنتيمتر سامسونج,260,Informational
buyer,model::samsung عام,اسعار شاشات سامسونج 32 بوصة,260,Informational
buyer,model::samsung عام,اسعار شاشات سامسونج في مصر,260,Informational
buyer,model::samsung عام,تكييف سامسونج 1.5 حصان,260,Informational
buyer,model::samsung عام,سعر شاشة 55 بوصة سامسونج,260,Informational
buyer,model::samsung عام,اسعار الموبايلات في مصر سامسونج,210,Informational
buyer,model::samsung عام,عروض فودافون على الموبايلات السامسونج,210,Informational
buyer,model::samsung عام,موبايل سامسونج تاتش ب 400 جنيه,210,Informational
buyer,model::samsung عام,how to screen record on samsung,210,Informational
buyer,model::samsung عام,samsung c and t corporation,210,Navigational
buyer,model::samsung عام,العثور على جهازي وهو مغلق سامسونج,210,Informational
buyer,model::samsung عام,حل مشكلة ضعف الشبكة في السامسونج,210,Informational
buyer,model::samsung عام,الهواتف التي تدعم esim سامسونج,210,Informational
buyer,model::samsung عام,سعر شاشة 65 بوصة سامسونج,210,Informational
buyer,model::samsung عام,سعر شاشه 50 بوصه سامسونج,210,Informational
buyer,model::samsung عام,سعر ميكروويف سامسونج 40 لتر,210,Informational
buyer,model::samsung عام,عروض فودافون على موبايلات سامسونج,210,Informational
buyer,model::samsung عام,ميكروويف سامسونج 40 لتر بالشواية,210,Informational
buyer,model::samsung عام,ميكروويف سامسونج 40 لتر شواية,210,Informational
buyer,model::samsung عام,افضل موبايل سامسونج في الفئه المتوسطه,170,Informational
buyer,model::samsung عام,samsung a21s price in egypt,170,Informational
buyer,model::samsung عام,samsung galaxy s26 series camera rumors,170,"Informational, Transactional"
buyer,model::samsung عام,samsung s26 price in egypt,170,Informational
buyer,model::samsung عام,اسعار تلفزيونات سامسونج في مصر,170,Informational
buyer,model::samsung عام,حل مشكلة فشل تحديث النظام سامسونج,170,Informational
buyer,model::samsung عام,زر الواي فاي لا يعمل في السامسونج,170,Informational
buyer,model::samsung عام,تحميل برنامج تسجيل المكالمات سامسونج,170,Informational
buyer,model::samsung عام,سبب بطئ الشحن في السامسونج,170,Informational
buyer,model::samsung عام,سعر سامسونج اس 7 ايدج,170,Informational
buyer,model::samsung عام,سعر شاشة 32 بوصة سامسونج,170,Informational
buyer,model::samsung عام,سعر ميكروويف سامسونج 32 لتر,170,Informational
buyer,model::samsung عام,شاشة كمبيوتر سامسونج 17 بوصة,170,Informational
buyer,model::samsung عام,شاشة كمبيوتر سامسونج 19 بوصة,170,Informational
buyer,model::samsung عام,ضبط الوقت والتاريخ في سامسونج,170,Informational
buyer,model::samsung عام,تحميل برنامج الكشاف للموبايل سامسونج مجانا,140,Informational
buyer,model::samsung عام,تحميل برنامج كاميرا موبايل سامسونج,140,Informational
buyer,model::samsung عام,موبايل سامسونج تاتش ب 300 جنيه,140,Informational
buyer,model::samsung عام,اسعار هواتف سامسونج في مصر,140,Informational
buyer,model::samsung عام,سعر التليفون السامسونج اي 20,140,Informational
buyer,model::samsung عام,سعر و مواصفات samsung galaxy m30s,140,Informational
buyer,model::samsung عام,حل مشكلة فصل الواي فاي في السامسونج,140,"Informational, Transactional"
buyer,model::samsung عام,سعر تكييف سامسونج 1.5 حصان,140,Informational
buyer,model::samsung عام,كود زيادة مساحة ذاكرة الهاتف سامسونج,140,Informational
buyer,model::samsung عام,كيفية اخلاء مساحة في الهاتف سامسونج,140,Informational
buyer,model::samsung عام,مقاس شاشة 75 بوصة بالسنتيمتر سامسونج,140,Informational
buyer,model::samsung عام,اسعار شاشات سامسونج 42 بوصة,140,Informational
buyer,model::samsung عام,المتصل لا يسمع صوتي سامسونج,140,Informational
buyer,model::samsung عام,تشغيل الفلاش عند الاتصال سامسونج,140,Informational
buyer,model::samsung عام,سامسونج جالكسي اس 20 الترا,140,Informational
buyer,model::samsung عام,سعر سامسونج اس 20 الترا,140,Informational
buyer,model::samsung عام,سعر سامسونج جراند برايم بلس,140,Informational
buyer,model::samsung عام,سعر شاشه ٥٥ بوصه سامسونج,140,Informational
buyer,model::samsung عام,شاشه سمارت سامسونج 43 بوصه,140,Informational
buyer,model::samsung عام,كيفيه عمل سوفت لتليفون سامسونج,140,Informational
buyer,model::samsung عام,تحميل القران الكريم مكتوب للموبايل سامسونج,110,Informational
buyer,model::samsung عام,how to download an app on samsung tv,110,Informational
buyer,model::samsung عام,how to download apps on samsung tv,110,Informational
buyer,model::samsung عام,samsung a8 and a8 plus,110,Informational
buyer,model::samsung عام,samsung galaxy grand prime plus,110,Informational
buyer,model::samsung عام,samsung galaxy s 10 e,110,Informational
buyer,model::samsung عام,samsung galaxy tab price in egypt,110,Informational
buyer,model::samsung عام,samsung phones prices in egypt,110,Informational
buyer,model::samsung عام,افضل هاتف سامسونج في الفئة المتوسطة,110,Informational
buyer,model::samsung عام,موبايلات سامسونج ب 500 جنيه,110,Informational
buyer,model::samsung عام,استرجاع الفيديوهات المحذوفة من السامسونج بدون برامج,110,"Informational, Transactional"
buyer,model::samsung عام,حل مشكلة زرار الباور في السامسونج,110,Informational
buyer,model::samsung عام,فتح الشاشة بنقرتين سامسونج بدون برامج,110,"Informational, Transactional"
buyer,model::samsung عام,مكنسة سامسونج 2000 وات بدون كيس,110,Informational
buyer,model::samsung عام,اسعار شاشات سامسونج 43 بوصة,110,Informational
buyer,model::samsung عام,تكييف سامسونج 2.25 حصان,110,Informational
buyer,model::samsung عام,حل مشكلة ضبابية الكاميرا سامسونج,110,Informational
buyer,model::samsung عام,سامسونج اس 10 بلس 5g,110,Informational
buyer,model::samsung عام,سامسونج جي 7 برايم 2,110,Informational
buyer,model::samsung عام,سعر التليفون السامسونج اي 30,110,Informational
buyer,model::samsung عام,سعر اي سي باور سامسونج,110,Informational
buyer,model::samsung عام,سعر تليفون سامسونج اي 30,110,Informational
buyer,model::samsung عام,سعر شاشة 60 بوصة سامسونج,110,Informational
buyer,model::samsung عام,سعر ميكروويف سامسونج 42 لتر,110,Informational
buyer,model::samsung عام,سعر هاند فري سامسونج اصلي,110,Informational
buyer,model::samsung عام,كيفية الغاء رمز pin سامسونج,110,Informational
buyer,model::samsung عام,مشغل موسيقى سامسونج الاصلي apk,110,Informational
buyer,model::samsung عام,تحميل برنامج القران الكريم للموبايل سامسونج صوت وصورة,90,Informational
buyer,model::samsung عام,كيف معرفة كلمة سر الواي فاي في الموبايل سامسونج,90,"Informational, Transactional"
buyer,model::samsung عام,موبايل سامسونج شاشة 7 بوصة,90,Informational
buyer,model::samsung عام,phone samsung galaxy grand prime,90,
buyer,model::samsung عام,samsung galaxy grand prime pro,90,Informational
buyer,model::samsung عام,samsung galaxy phones list with price,90,Informational
buyer,model::samsung عام,افضل هواتف سامسونج الفئة المتوسطة,90,Informational
buyer,model::samsung عام,تقسيط شاشات سامسونج بدون فوائد,90,Informational
buyer,model::samsung عام,تقسيط موبايلات سامسونج بدون فوائد,90,Informational
buyer,model::samsung عام,من هو مالك شركة سامسونج,90,Informational
buyer,model::samsung عام,اسعار شاشات سامسونج 32 في بي تك,90,Informational
buyer,model::samsung عام,ايهما افضل ميكرويف سامسونج ام ال جي,90,Informational
buyer,model::samsung عام,بقع بيضاء في شاشة التلفزيون led سامسونج,90,Informational
buyer,model::samsung عام,سعر تكييف سامسونج 2.25 حصان,90,Informational
buyer,model::samsung عام,سعر سامسونج s8 بلس في مصر اليوم,90,Informational
buyer,model::samsung عام,سعر سامسونج تاب a6 في مصر,90,Informational
buyer,model::samsung عام,كيفية الغاء الوضع الامن في سامسونج,90,Informational
buyer,model::samsung عام,ازاي اعمل سوفت لتليفون سامسونج,90,Informational
buyer,model::samsung عام,ايهما افضل اوبو ام سامسونج,90,Informational
buyer,model::samsung عام,ديب فريزر سامسونج 7 درج,90,Informational
buyer,model::samsung عام,سعر تليفون سامسونج اي 7,90,Informational
buyer,model::samsung عام,سعر سامسونج اس 6 ايدج,90,Informational
buyer,model::samsung عام,سعر مكنسة سامسونج 1800 وات,90,Informational
buyer,model::samsung عام,سعر ميكروويف سامسونج 34 لتر,90,Informational
buyer,model::samsung عام,شاشة كمبيوتر سامسونج 24 بوصة,90,Informational
buyer,model::samsung عام,عرض فلوسك رجعالك من سامسونج,90,Informational
buyer,model::samsung عام,كود تفعيل wifi calling سامسونج,90,Informational
buyer,model::samsung عام,كيفية ضبط الساعة في سامسونج,90,Informational
buyer,model::samsung عام,ما هو رمز pin سامسونج,90,"Informational, Transactional"
buyer,model::samsung عام,how to make your number private on samsung,70,Informational
buyer,model::samsung عام,how to remove app from samsung tv,70,Informational
buyer,model::samsung عام,samsung 55 inch curved tv,70,Informational
buyer,model::samsung عام,samsung galaxy grand new plus,70,Informational
buyer,model::samsung عام,samsung galaxy s iii mini,70,Informational
buyer,model::samsung عام,samsung smart view 2.0,70,Informational
buyer,model::samsung عام,samsung yateley gu46 6gg uk,70,Informational
buyer,model::samsung عام,البحث عن هاتفي samsung account,70,"Informational, Transactional"
buyer,model::samsung عام,سعر سامسونج s9 في مصر اليوم,70,Informational
buyer,model::samsung عام,تحميل برنامج تحديث الاندرويد سامسونج,70,Informational
buyer,model::samsung عام,سامسونج 64 جيجا 4 رام,70,Informational
buyer,model::samsung عام,سعر ايباد سامسونج 10 بوصة,70,Informational
buyer,model::realme,اسعار موبايل ريلمي 64 جيجا,1900,Informational
buyer,model::realme,سعر تليفون ريلمي سي 53,1900,Informational
buyer,model::realme,سعر موبايل ريلمي 12 برو,1000,Informational
buyer,model::realme,سعر تليفون ريلمي نوت 50,1000,Informational
buyer,model::realme,سعر التليفون الريلمي سي 53,880,Informational
buyer,model::realme,موبايل ريلمي 12 برو بلس,590,Informational
buyer,model::realme,سعر موبايل ريلمي نوت 50,320,Informational
buyer,model::realme,سعر تليفون realme 5 pro,140,Informational
buyer,model::samsung s24 ultra,سعر سامسونج s24 ultra في مصر,9900,Informational
buyer,model::samsung s24 ultra,سعر موبايل سامسونج s24 ultra,1300,Informational
buyer,model::samsung s24 ultra,samsung galaxy s24 ultra pre order,1300,Informational
buyer,model::samsung s24 ultra,samsung s24 ultra price egypt,1000,Informational
buyer,model::samsung s24 ultra,سعر هاتف سامسونج s24 ultra,1000,Informational
buyer,model::samsung s24 ultra,سعر سامسونج s24 ultra في السعودية,880,Informational
buyer,model::samsung s24 ultra,new samsung galaxy s24 ultra تيتانيوم,110,"Informational, Transactional"
buyer,model::samsung s25 ultra,سعر سامسونج s25 ultra في مصر,1900,Informational
buyer,model::samsung s25 ultra,samsung s25 ultra price in egypt,1600,Informational
buyer,model::samsung s25 ultra,سعر موبايل سامسونج s25 ultra,1300,Informational
buyer,model::samsung s25 ultra,samsung galaxy s25 ultra release date,880,Informational
buyer,model::samsung s25 ultra,سعر تليفون سامسونج s25 ultra,720,Informational
buyer,model::samsung s25 ultra,samsung galaxy galaxy s25 ultra,590,Informational
buyer,model::samsung s25 ultra,samsung samsung galaxy s25 ultra,590,Informational
buyer,model::samsung s25 ultra,samsung s25 ultra release date,480,Informational
buyer,model::samsung s23 ultra,سعر سامسونج s23 ultra في مصر,5400,Informational
buyer,model::samsung s23 ultra,سعر سامسونج s23 ultra في السعودية,1900,Informational
buyer,model::samsung s23 ultra,سعر موبايل سامسونج s23 ultra,480,Informational
buyer,model::samsung s23 ultra,samsung s23 ultra price egypt,480,Informational
acc,charging_problem,how to fix phone not charging,9900,Informational
acc,charging_problem,التابلت سامسونج لا يشحن ولا يفتح,260,"Informational, Transactional"
acc,charging_problem,حل مشكلة هاتف سامسونج لا يشتغل ولا يقبل الشحن,260,Informational
acc,charging_problem,سبب عدم شحن موبايل سامسونج,210,"Informational, Transactional"
acc,charging_problem,عند توصيل الموبايل بالكمبيوتر يشحن فقط,170,Informational
buyer,model::infinix,اسعار موبايل infinix hot 6,140,Informational
buyer,model::infinix,سعر موبايل infinix zero في مصر,140,Informational
buyer,model::samsung Note,سعر سامسونج نوت 20 الترا,2900,Informational
buyer,model::samsung Note,سعر سامسونج نوت 10 بلس,2400,Informational
buyer,model::samsung Note,سعر سامسونج نوت 20 الترا في مصر,1300,Informational
buyer,model::samsung Note,سعر سامسونج نوت 10 بلس في مصر 2021,1000,Informational
buyer,model::samsung Note,سامسونج نوت 20 الترا 5g,1000,Informational
buyer,model::samsung Note,سعر سامسونج نوت 10 بلس في مصر 2020,880,Informational
buyer,model::samsung Note,samsung galaxy note 20 ultra,720,Informational
buyer,model::samsung Note,سعر سامسونج نوت 10 بلس 256,720,Informational
buyer,model::samsung Note,سعر سامسونج نوت 9 في مصر 2021,720,Informational
buyer,model::samsung Note,samsung galaxy note 10 plus,590,Informational
buyer,model::samsung Note,سامسونج نوت 10 بلس 5g,480,Informational
buyer,model::samsung Note,سعر سامسونج نوت 10 بلس في مصر اليوم,320,Informational
buyer,model::samsung Note,samsung galaxy note 10 lite,210,Informational
buyer,model::samsung Note,سامسونج جالكسي نوت 10 بلس,210,Informational
buyer,model::samsung Note,سعر سامسونج نوت 10 لايت,210,Informational
buyer,model::samsung Note,samsung galaxy note 3 battery,170,Informational
buyer,model::samsung Note,سعر موبايل سامسونج نوت 10 بلس,140,Informational
buyer,model::samsung Note,samsung galaxy note 4 battery,140,Informational
buyer,model::samsung Note,samsung galaxy note 4 cover,140,Informational
buyer,model::samsung Note,samsung note 10 plus 5g,110,Informational
buyer,model::samsung Note,مواصفات سامسونج نوت 10 بلس,110,Informational
buyer,model::samsung Note,موبايل سامسونج نوت 10 بلس,90,Informational
buyer,model::samsung Note,samsung galaxy note 4 phone cases,90,Informational
buyer,model::samsung Note,samsung note 9 سعر في مصر,90,Informational
buyer,model::samsung Note,سعر تليفون سامسونج نوت 10 بلس,90,Informational
buyer,model::samsung Note,سعر سامسونج نوت 10 بلس 5g,90,Informational
buyer,model::samsung Note,سعر سامسونج نوت 8 128 جيجا,90,Informational
buyer,model::samsung Note,سعر سامسونج نوت 10 برو,90,Informational
buyer,model::samsung Note,samsung note 10 lite سعر,70,Informational
buyer,model::samsung Note,سامسونج نوت 9 512 جيجا,70,Informational
buyer,model::samsung Note,سعر تليفون سامسونج نوت 10,70,Informational
buyer,used::samsung Note,سعر سامسونج نوت 8 مستعمل,210,"Informational, Navigational"
buyer,used::samsung Note,سعر سامسونج نوت 5 مستعمل,110,"Informational, Transactional"
buyer,model::samsung A,سعر سامسونج a12 في مصر,6600,Informational
buyer,model::samsung A,سعر سامسونج a21s في مصر,6600,Informational
buyer,model::samsung A,سعر سامسونج a24 في مصر,5400,Informational
buyer,model::samsung A,سامسونج جالاكسي a17 5g هاتف ذكي بنظام أندرويد,4400,Informational
buyer,model::samsung A,سعر سامسونج a52 في مصر الآن,4400,Informational
buyer,model::samsung A,سعر سامسونج a14 في مصر 128 جيجا,3600,Informational
buyer,model::samsung A,سعر سامسونج a15 في مصر,3600,Informational
buyer,model::samsung A,سعر سامسونج a17 في مصر,2900,Informational
buyer,model::samsung A,سعر سامسونج a54 في مصر,2900,Informational
buyer,model::samsung A,سعر سامسونج a55 في مصر,2900,Informational
buyer,model::samsung A,سعر سامسونج a73 في مصر,2900,Informational
buyer,model::samsung A,سعر سامسونج a31s في مصر,2400,Informational
buyer,model::samsung A,سعر سامسونج a12 في مصر 128 جيجا,2400,Informational
buyer,model::samsung A,سعر سامسونج a23's في مصر,2400,Informational
buyer,model::samsung A,سعر سامسونج a14 في مصر,2400,Informational
buyer,model::samsung A,سعر سامسونج a13 في مصر 128 جيجا,1900,Informational
buyer,model::samsung A,سعر سامسونج a30s في مصر 2020,1900,Informational
buyer,model::samsung A,سعر سامسونج a52 في مصر اليوم,1900,Informational
buyer,model::samsung A,سعر سامسونج a13 في مصر,1900,Informational
buyer,model::samsung A,سعر سامسونج a22 في مصر,1900,Informational
buyer,model::samsung A,سعر سامسونج a34 256 جيجا,1900,Informational
buyer,model::samsung A,سعر سامسونج a35 في مصر,1900,Informational
buyer,model::samsung A,سعر سامسونج a52s في مصر,1900,Informational
buyer,model::samsung A,سعر سامسونج a10s في مصر 2021,1600,Informational
buyer,model::samsung A,سعر سامسونج a12 في مصر 64 جيجا,1600,Informational
buyer,model::samsung A,سعر سامسونج a15 في مصر 128 جيجا,1600,Informational
buyer,model::samsung A,سعر سامسونج a21s في مصر 2021,1600,Informational
buyer,model::samsung A,سعر سامسونج a24 في مصر رام 8,1600,Informational
buyer,model::samsung A,سعر سامسونج a71 في مصر 2021,1600,Informational
buyer,model::samsung A,سعر سامسونج a05s في مصر,1600,Informational
buyer,model::samsung A,سعر سامسونج a23s في مصر,1600,Informational
buyer,model::samsung A,سعر سامسونج a25 في مصر,1600,Informational
buyer,model::samsung A,سعر سامسونج a34 في مصر,1600,Informational
buyer,model::samsung A,سعر سامسونج a52 في مصر,1600,Informational
buyer,model::samsung A,سعر سامسونج a53 في مصر,1600,Informational
buyer,model::samsung A,سعر سامسونج a72 في مصر,1600,Informational
buyer,model::samsung A,سامسونج جالكسي a34 128 جيجابايت 5g,1300,Informational
buyer,model::samsung A,سعر سامسونج a21s في مصر 64 جيجا,1300,Informational
buyer,model::samsung A,سعر سامسونج a21s في مصر اليوم,1300,Informational
buyer,model::samsung A,سعر سامسونج a24 في مصر 6 رام,1300,Informational
buyer,model::samsung A,سعر سامسونج a55 في مصر 256 جيجا,1300,Informational
buyer,model::samsung A,سعر سامسونج a72 في مصر اليوم,1300,Informational
buyer,model::samsung A,سعر سامسونج a02s في مصر,1300,Informational
buyer,model::samsung A,سعر سامسونج a12s في مصر,1300,Informational
buyer,model::samsung A,سعر سامسونج a33 في مصر,1300,Informational
buyer,model::samsung A,سعر سامسونج a51 في مصر اليوم,1000,Informational
buyer,model::samsung A,سعر سامسونج a03s في مصر 2022,1000,Informational
buyer,model::samsung A,سعر سامسونج a12 في مصر 2022,1000,Informational
buyer,model::samsung A,سعر سامسونج a20s في مصر 2020,1000,Informational
buyer,model::samsung A,سعر سامسونج a52s في مصر اليوم,1000,Informational
buyer,model::samsung A,سعر سامسونج a54 في مصر 256 جيجا,1000,Informational
buyer,model::samsung A,سعر سامسونج a71 في مصر اليوم,1000,Informational
buyer,model::samsung A,سعر سامسونج a73 في مصر 256 جيجا,1000,Informational
buyer,model::samsung A,سعر سامسونج a04s في مصر,1000,Informational
buyer,model::samsung A,سعر سامسونج a31 في مصر,1000,Informational
buyer,model::samsung A,سعر سامسونج a21s في مصر 128 جيجا,880,Informational
buyer,model::samsung A,سعر سامسونج a24 في مصر 2023,880,Informational
buyer,model::samsung A,سعر سامسونج a51 في مصر 2021,880,Informational
buyer,model::samsung A,سعر سامسونج a04s 128 جيجا,880,Informational
buyer,model::samsung A,سعر سامسونج a32 في مصر,880,Informational
buyer,model::samsung A,samsung a35 price in egypt,720,Informational
buyer,model::samsung A,سعر سامسونج a12 في مصر اليوم,720,Informational
buyer,model::samsung A,سعر سامسونج a15 128 جيجا 6 رام,720,Informational
buyer,model::samsung A,سعر سامسونج a52s 5g في مصر,720,Informational
buyer,model::samsung A,سعر سامسونج a02 في مصر,720,Informational
buyer,model::samsung A,سعر سامسونج a23 في مصر,720,Informational
buyer,model::samsung A,سعر سامسونج a52 128 جيجا,720,Informational
buyer,model::samsung A,سعر سامسونج a52s في السعودية,720,Informational
buyer,model::samsung A,سعر و مواصفات سامسونج a30s,720,Informational
buyer,model::samsung A,سعر سامسونج a36 في مصر 256 جيجا,590,
buyer,model::samsung A,سعر سامسونج a56 256 جيجا,590,
buyer,model::samsung A,سعر سامسونج a57 في مصر,590,
buyer,model::samsung A,samsung a55 price in egypt,480,Informational
buyer,model::samsung A,سعر سامسونج a32 في مصر اليوم,480,Informational
buyer,model::samsung A,سعر سامسونج a03s في مصر,480,Informational
buyer,model::samsung A,سعر سامسونج a11 في مصر,480,Informational
buyer,model::samsung A,سعر سامسونج a16 في مصر,480,Informational
buyer,model::samsung A,سعر سامسونج a52 256 جيجا,480,Informational
buyer,model::samsung A,سعر ومواصفات سامسونج a30 s,480,Informational
buyer,model::samsung A,samsung a52 price in egypt,390,Informational
buyer,model::samsung A,سعر سامسونج a35 في مصر 256 جيجا,390,Informational
buyer,model::samsung A,سعر سامسونج a07 128 جيجا 6 رام,320,Informational
buyer,model::samsung A,سعر سامسونج a15 في مصر 256 جيجا,320,Informational
buyer,model::samsung A,سعر سامسونج a23 في مصر 2023,320,Informational
buyer,model::samsung A,samsung galaxy a57 5g and galaxy a37 5g,260,Informational
buyer,model::samsung A,سعر سامسونج a20s في مصر,260,Informational
buyer,model::samsung A,سعر سامسونج a50 في مصر اليوم,260,Informational
buyer,model::samsung A,سعر سامسونج a7 في مصر,260,Informational
buyer,model::samsung A,samsung a72 price in egypt,210,Informational
buyer,model::samsung A,سعر سامسونج a14 في مصر 64 جيجا,210,Informational
buyer,model::samsung A,سعر هاتف سامسونج a 10,210,Informational
buyer,model::samsung A,سامسونج a80 سعر في مصر,170,Informational
buyer,model::samsung A,سعر سامسونج a37 في مصر,170,
buyer,model::samsung A,سعر سامسونج a5 في مصر,170,Informational
buyer,model::samsung A,سعر سامسونج a6 في مصر,170,Informational
buyer,model::samsung A,سعر سامسونج a70 في مصر اليوم,140,Informational
buyer,model::samsung A,سعر تليفون سامسونج a 20,140,Informational
buyer,model::samsung A,هل سامسونج a15 يدعم esim,140,Informational
buyer,model::samsung A,سعر سامسونج a50s في مصر اليوم,110,Informational
buyer,model::samsung A,سعر سامسونج a20 في مصر,110,Informational
buyer,model::samsung A,سعر ومواصفات سامسونج a13 5g,110,Informational
buyer,model::samsung A,سعر ومواصفات samsung galaxy a51,90,Informational
buyer,model::samsung A,سعر سامسونج a10 s في مصر,90,Informational
buyer,model::samsung A,سعر سامسونج a10 في مصر,90,Informational
buyer,model::samsung A,سعر سامسونج a10s في مصر,90,Informational
buyer,model::samsung A,سعر سامسونج a30s في مصر,90,Informational
buyer,model::samsung A,سعر موبايل سامسونج a10 s,70,Informational
buyer,model::samsung A,samsung a51 price in egypt,70,Informational
buyer,model::samsung A,samsung a71 price in egypt,70,Informational
buyer,model::samsung A,سعر سامسونج a10 سوق كوم,70,Informational
buyer,model::samsung M,سعر سامسونج m11 في مصر,1900,Informational
buyer,model::samsung M,سعر سامسونج m51 في مصر,1900,Informational
buyer,model::samsung M,سعر سامسونج m31 في مصر,1300,Informational
buyer,model::samsung M,سعر سامسونج m52 في مصر,1300,Informational
buyer,model::samsung M,سعر سامسونج m51 في مصر 2021,1000,Informational
buyer,model::samsung M,سعر سامسونج m11 في مصر 2021,720,Informational
buyer,model::samsung M,سعر سامسونج m62 في مصر,720,Informational
buyer,model::samsung M,samsung m51 price in egypt,590,Informational
buyer,model::samsung M,سعر سامسونج m31 في مصر 2021,590,Informational
buyer,model::samsung M,سعر سامسونج m31 في السعودية,480,Informational
buyer,model::samsung M,سعر سامسونج m31s في مصر,390,Informational
buyer,model::samsung M,سعر سامسونج m11 في مصر اليوم,260,Informational
buyer,model::samsung M,تعريف الطابعة سامسونج ml 3710nd,260,Informational
buyer,model::samsung M,تعريف طابعة سامسونج ml 3710nd,210,Informational
buyer,model::samsung M,سامسونج m30 s سوق كوم,70,Informational
buyer,model::samsung Z,samsung galaxy z fold 6,720,Informational
buyer,model::samsung Z,سعر سامسونج z flip 3,720,Informational
buyer,model::samsung Z,samsung galaxy z flip 3,260,Informational
buyer,model::samsung Z,samsung galaxy z fold 3,260,Informational
buyer,model::samsung Z,samsung galaxy z fold 3 سعر,260,Informational
buyer,model::samsung Z,samsung galaxy z flip 4,170,Informational
buyer,model::samsung Z,samsung galaxy z fold 4,170,Informational
buyer,model::samsung s22 ultra,سعر سامسونج s22 ultra في مصر,2900,Informational
buyer,model::samsung s22 ultra,سعر سامسونج s22 ultra في السعودية,590,Informational
buyer,model::samsung s22 ultra,samsung s22 ultra price egypt,480,Informational
buyer,model::samsung S عام,سعر سامسونج s25 الترا في مصر,2400,Informational
buyer,model::samsung S عام,سعر سامسونج s24 الترا بالدولار,1600,Informational
buyer,model::samsung S عام,سعر سامسونج s25 الترا بالدولار,1300,Informational
buyer,model::samsung S عام,سعر سامسونج s20 fe في مصر,720,Informational
buyer,model::samsung S عام,سعر سامسونج s24 في مصر,720,Informational
buyer,model::samsung S عام,سعر سامسونج s23 fe في مصر,590,Informational
buyer,model::samsung S عام,سعر سامسونج s22 في مصر,480,Informational
buyer,model::samsung S عام,سعر سامسونج s20 في مصر,110,Informational
buyer,model::samsung s21,سعر سامسونج s21 ultra في مصر,1600,Informational
buyer,model::samsung s21,سعر سامسونج s21 في مصر,320,Informational
buyer,model::samsung s21,samsung galaxy s21 fe 5g,260,Informational
buyer,model::samsung s10,سعر سامسونج s10 بلس في مصر اليوم,210,Informational
buyer,model::samsung s10,سعر سامسونج s10 في مصر اليوم,90,Informational
buyer,model::samsung s20 ultra,samsung s20 ultra price in egypt,110,Informational
acc,screen_mirror,iphone screen mirror with samsung tv,90,Informational
acc,screen_mirror,screen mirror iphone to samsung tv,90,Informational
acc,screen_mirror,screen mirroring iphone to samsung tv,90,Informational
buyer,compare::samsung عام,مقارنة بين شاشات سامسونج وال جي سمارت 4k,170,Informational
buyer,compare::samsung عام,الفرق بين موديلات شاشات سامسونج,90,"Informational, Transactional"
acc,powerbank_charger,سعر باور بانك سامسونج 10000,140,Informational
acc,powerbank_charger,سعر باور بانك سامسونج 20000 امبير,90,Informational
buyer,model::iphone 6,سعر ومواصفات تابلت سامسونج a6,320,Informational
buyer,model::iphone 6,falcon supernova iphone 6 pink diamond,320,Informational
buyer,used::samsung عام,سعر شاشات سامسونج 32 مستعملة,140,Informational
buyer,used::samsung عام,سعر سامسونج s7 edge مستعمل,110,"Informational, Transactional"
buyer,used::samsung A,سعر سامسونج a7 2018 مستعمل,90,"Informational, Navigational"
buyer,model::iphone 17 برو,iphone 17 pro price in egypt,590,Informational
