bucket,keyword,volume,intent,kd,cpc
core,how to fix phone not charging,9900,Informational,30,0.00
core,تشغيل الموبايل على الشاشة بكابل usb,720,Informational,22,0.01
core,معرض السويدى للأدوات و الكابلات الكهربائيه,720,Commercial,20,0.00
core,شحن كارت الكهرباء عن طريق الموبايل,720,Informational,24,0.02
core,كيفية اقتران سماعة البلوتوث بالجوال سامسونج,390,Informational,29,0.01
core,سعر سهم الكابلات الكهربائية المصرية اليوم,320,Informational,14,0.00
core,كيفية توصيل النت للكمبيوتر بدون كابل,320,Informational,29,0.00
core,رقم تليفون شركة السويدى للكابلات,320,Commercial,26,0.00
core,how to connect airpods to iphone,260,Informational,34,0.00
core,التابلت سامسونج لا يشحن ولا يفتح,260,"Informational, Transactional",28,0.00
core,حل مشكلة هاتف سامسونج لا يشتغل ولا يقبل الشحن,260,Informational,28,0.00
core,تحميل الاغاني من ساوند كلاود على الموبايل بدون برامج,260,"Informational, Transactional",29,0.00
core,سعر سماعات akg سامسونج الاصلية,260,Informational,19,0.00
core,رقم تليفون شركة الظافر للشحن,260,Commercial,21,0.00
core,driver samsung usb driver for mobile phones,210,Informational,34,0.00
core,samsung usb driver for mobile phones,210,Informational,34,0.00
core,تنزيل سوفت وير للموبايل عن طريق usb,210,Informational,26,0.00
core,توصيل النت من الموبايل للكمبيوتر عن طريق usb,210,Informational,28,0.00
core,توصيل نت من الموبايل للكمبيوتر عن طريق usb,210,Informational,24,0.00
core,كيفية تشغيل السماعة البلوتوث على الموبايل,210,"Informational, Transactional",24,0.01
core,سبب عدم شحن موبايل سامسونج,210,"Informational, Transactional",34,0.00
core,samsung_usb_driver_for_mobile_phones,170,Informational,26,0.00
core,اسعار منتجات شركة الكابلات الكهربائية المصرية,170,Informational,5,0.23
core,الشركة العالمية للكابلات العاشر من رمضان,170,Commercial,19,0.00
core,سعر كابل نت كات 6 السويدي,170,Informational,7,0.00
core,معرفة باسورد الواى فاي من الكمبيوتر المتصل بكابل,170,"Informational, Transactional",15,0.00
core,apple airpods 2nd generation with charging case,170,"Navigational, Transactional",21,0.00
core,apple lightning to 3.5 mm adapter,170,Informational,8,0.02
core,عند توصيل الموبايل بالكمبيوتر يشحن فقط,170,Informational,20,0.00
core,سبب بطئ الشحن في السامسونج,170,Informational,26,0.00
core,اسعار شركة الكابلات الكهربائية المصرية مسطرد,140,Informational,14,0.00
core,توصيل اللاب توب بالشاشة بدون كابل,140,Informational,19,0.00
core,كيفية توصيل الهاتف بالكمبيوتر بدون كابل,140,Informational,28,0.00
core,apple airpods max over ear headphones,140,Navigational,24,1.00
core,المايك لا يعمل والسماعة تعمل سامسونج,140,Informational,31,0.00
core,توصيل سماعات خارجيه لشاشة سامسونج tv,140,"Informational, Transactional",33,0.00
core,كيفية توصيل النت من الكمبيوتر للموبايل عن طريق usb,140,Informational,24,0.00
core,شحن الموبايل عن طريق البلوتوث,140,Informational,28,0.00
core,وصله تشغيل الرسيفر على الموبايل,140,Informational,32,0.00
core,السماعة الخارجية لا تعمل سامسونج,140,"Informational, Transactional",33,0.00
core,سعر باور بانك سامسونج 10000,140,Informational,15,0.00
core,رقم تليفون شركة ارامكس للشحن,140,Transactional,21,0.00
core,type c to type c cable,110,Informational,13,0.05
core,كيفية نقل الصور من الهاتف الى الكمبيوتر بدون كابل,110,"Informational, Transactional",27,0.00
core,برنامج نقل الملفات من الموبايل إلى الكمبيوتر عن طريق usb,110,Informational,22,0.00
core,apple airpods with charging case,110,"Navigational, Transactional",30,0.05
core,اسعار تليفون لاسلكى باناسونيك كارفور,110,Informational,17,0.00
core,طريقة استقبال القنوات الارضية والفضائية بكابل واحد بالصور,90,Navigational,24,0.00
core,طريقة ربط راوتر براوتر اخر عن طريق كابل,90,Navigational,27,0.00
core,سعر باور بانك سامسونج 20000 امبير,90,Informational,13,0.00
core,شحن شدات ببجي موبايل الملوك,90,Informational,26,0.12
core,apple earpods with lightning connector,90,Informational,21,0.09
core,سعر سهم شركة الكابلات الكهربائية المصرية,70,Informational,15,0.00
core,وصلة يو اس بي تايب سي,70,Informational,11,0.03
core,apple lightning to 3.5 mm,70,Informational,8,0.02
core,سعر كابل توصيل الموبايل بالتلفزيون,70,Informational,18,0.00
core,سماعات دي جي مستعمله للبيع,70,Informational,20,0.00
core,samsung usb type c cable,70,"Informational, Transactional",21,0.05
problem,how to transfer contacts to new phone,9900,Informational,39,0.04
problem,how to transfer data from iphone to iphone,590,Informational,34,0.00
problem,نقل الواتس من اندرويد الى ايفون,590,Informational,36,0.11
problem,نقل الواتساب من اندرويد الى ايفون,590,Informational,32,0.09
problem,نقل واتس اب من اندرويد الى ايفون,590,Informational,34,0.11
problem,how to transfer data from android to iphone,480,Informational,38,0.08
problem,how to transfer contacts from android to iphone,260,Informational,37,0.08
problem,transfer data from android to iphone,260,Informational,40,0.07
problem,ازاي انقل من ايفون لايفون,260,Informational,29,0.00
problem,نقل الاسماء من ايفون الى اندرويد,210,"Informational, Transactional",22,0.03
problem,نقل البيانات من اندرويد الى ايفون,210,Informational,28,0.05
problem,نقل البيانات من ايفون لايفون بدون اي كلاود,210,Informational,28,0.00
problem,نقل الواتس من ايفون لاندرويد,210,Informational,31,0.18
problem,نقل من اندرويد الى ايفون,210,Informational,31,0.06
problem,كيفيه نقل الارقام من تليفون لاخر,210,Informational,22,0.02
problem,transfer data from iphone to iphone,170,Informational,45,0.07
problem,برنامج نقل من اندرويد الى ايفون,170,Informational,33,0.03
problem,نقل الاسماء من الهاتف الى الشريحة سامسونج,170,Informational,28,0.00
problem,ازاى انقل الواتس من موبايل لموبايل,170,"Informational, Transactional",28,0.00
problem,ازاى انقل ملفات من الموبايل للكمبيوتر,170,Informational,26,0.06
problem,كيفيه نقل بيانات من موبايل لاخر,170,Informational,26,0.02
problem,نقل الملفات من الموبايل للكمبيوتر,170,Informational,27,0.04
problem,نقل الواتس من موبايل لموبايل,170,Informational,26,0.00
problem,نقل ملف من الموبايل للكمبيوتر,170,Informational,32,0.04
problem,نقل ملفات من الموبايل للكمبيوتر,170,Informational,33,0.06
problem,how to transfer data from iphone to android,140,Informational,47,0.05
problem,how to transfer photos from iphone to mac,140,Informational,40,0.06
problem,كيف انقل البيانات من ايفون لايفون,140,Informational,28,0.00
problem,كيف انقل بياناتي من ايفون لايفون,140,Informational,21,0.00
problem,كيفية نقل بيانات من ايفون لايفون,140,Informational,28,0.00
problem,نقل البيانات من ايفون الى ايفون,140,"Informational, Transactional",24,0.03
problem,نقل الصور من اندرويد الى ايفون,140,Informational,26,0.04
problem,نقل البيانات من ايفون لايفون,140,Informational,24,0.00
problem,how to connect apple watch to iphone,110,Informational,44,0.00
problem,how to transfer contacts from iphone to iphone,110,Informational,40,0.00
problem,how to transfer photos from iphone to pc,110,Informational,44,0.14
problem,transfer photos from iphone to pc,110,Informational,46,0.09
problem,برنامج نقل البيانات من ايفون لايفون,110,Informational,32,0.00
problem,نقل الملفات من اندرويد الى ايفون,110,Informational,29,0.03
problem,نقل الواتس من ايفون الى اندرويد,110,Informational,29,0.16
problem,نقل الواتساب من ايفون الى اندرويد,110,"Informational, Transactional",29,0.16
problem,نقل ملفات من اندرويد الى ايفون,110,Informational,28,0.03
problem,برنامج لنقل الملفات من الموبايل للكمبيوتر,110,"Informational, Transactional",24,0.00
problem,برنامج نقل الملفات من الموبايل للكمبيوتر,110,Informational,26,0.00
problem,رقم تليفون دار ضباط النقل شبرا الخيمة,110,Navigational,34,0.00
problem,how to pair apple watch with iphone,90,Informational,39,0.00
problem,iphone screen mirror with samsung tv,90,Informational,39,0.08
problem,screen mirror iphone to samsung tv,90,Informational,40,0.08
problem,screen mirroring iphone to samsung tv,90,Informational,35,0.19
problem,نقل جهات الاتصال من اندرويد الى ايفون,90,Informational,25,0.05
problem,نقل محادثات الواتس من اندرويد الى ايفون,90,Informational,31,0.11
problem,النقل من ايفون الى اندرويد,90,Informational,27,0.03
problem,نقل الداتا من ايفون لايفون,90,Informational,25,0.11
problem,how to transfer contacts from iphone to android,70,Informational,25,0.06
problem,transfer contacts from android to iphone,70,Informational,23,0.10
problem,نقل محادثات الواتس اب من اندرويد الى ايفون,70,Informational,32,0.13
problem,ازاى انقل الاسماء من موبايل لموبايل,70,Informational,25,0.02
bridge,سعر ايفون 15 برو max,33100,Informational,21,0.01
bridge,سعر ايفون ١٦ برو ماكس,22200,Informational,23,0.01
bridge,سعر ايفون 13 برو max في مصر,18100,Informational,21,0.01
bridge,سعر ايفون 17 برو ماكس,18100,Informational,20,0.04
bridge,سعر ايفون 12 برو max,12100,Informational,20,0.02
bridge,سعر ايفون 16 برو max,12100,Informational,20,0.03
bridge,سعر ايفون ١٣ برو ماكس,12100,Informational,20,0.02
bridge,سعر ايفون 13 برو max في مصر 256,9900,Informational,20,0.02
bridge,سعر سامسونج s24 ultra في مصر,9900,Informational,28,0.03
bridge,سعر ايفون 14 برو max,9900,Informational,20,0.02
bridge,سعر ايفون ١٧ برو ماكس,9900,Informational,21,0.01
bridge,سعر ايفون 15 برو max في مصر,8100,Informational,19,0.02
bridge,سعر ايفون 11 برو ماكس,8100,Informational,20,0.02
bridge,سعر آيفون 17 برو max بالمصري,6600,Informational,19,0.02
bridge,سعر ايفون 11 برو max في مصر,6600,Informational,19,0.03
bridge,سعر موبايل اوبو رينو 6,6600,Informational,19,0.03
bridge,سعر ايفون x max مستعمل,6600,Informational,22,0.02
bridge,سعر سامسونج a12 في مصر,6600,Informational,19,0.03
bridge,سعر سامسونج a21s في مصر,6600,Informational,19,0.05
bridge,سعر سامسونج s23 ultra في مصر,5400,Informational,20,0.04
bridge,سعر ايفون 16 برو ماكس,5400,Informational,19,0.03
bridge,سعر سامسونج a24 في مصر,5400,Informational,19,0.02
bridge,سعر ايفون 17 برو ماكس في مصر,4400,Informational,18,0.02
bridge,سعر ايفون 14 برو max بالمصري,4400,Informational,19,0.03
bridge,سعر ايفون ١٥ برو ماكس في مصر,4400,Informational,18,0.03
bridge,سعر سامسونج a52 في مصر الآن,4400,Informational,21,0.04
bridge,سعر الايفون 16 برو ماكس,4400,Informational,24,0.03
bridge,سعر ايفون 13 برو ماكس,4400,Informational,19,0.02
bridge,سعر تليفون اوبو رينو 6,4400,Informational,22,0.02
bridge,سعر ايفون 11 في مصر 2020,3600,Informational,18,0.10
bridge,سعر ايفون 14 برو max في مصر 256,3600,Informational,18,0.02
bridge,سعر ايفون 15 برو max بالدولار,3600,Informational,18,0.27
bridge,سعر ايفون 16 برو max في مصر,3600,Informational,18,0.02
bridge,سعر ايفون 8 بلس في مصر 2021,3600,Informational,17,0.05
bridge,موعد نزول ايفون 15 برو max,3600,Informational,25,0.44
bridge,سعر سامسونج a14 في مصر 128 جيجا,3600,Informational,18,0.03
bridge,سعر موبايل اوبو رينو 5,3600,Informational,18,0.03
bridge,سعر ايفون 11 في مصر,3600,Informational,19,0.10
bridge,سعر ايفون 12 برو ماكس,3600,Informational,18,0.12
bridge,سعر ايفون 13 برو max,3600,Informational,18,0.08
bridge,سعر ايفون 15 برو ماكس,3600,Informational,18,0.02
bridge,سعر ايفون ١٢ برو ماكس,3600,Informational,18,0.08
bridge,سعر سامسونج a15 في مصر,3600,Informational,18,0.10
bridge,apple iphone 13 release date,3600,Informational,61,0.33
bridge,سعر تليفون ريدمي نوت 10,3600,Informational,18,0.04
bridge,iphone 15 pro max price egypt,2900,Informational,16,0.03
bridge,iphone 17 pro max price in egypt,2900,Informational,,0.05
bridge,سعر ايفون 11 برو في مصر 2021,2900,Informational,17,0.11
bridge,سعر سامسونج s22 ultra في مصر,2900,Informational,18,0.01
bridge,سعر موبايل اوبو رينو 12,2900,Informational,18,0.01
bridge,سعر موبايل شاومي 128 جيجا,2900,Informational,20,0.03
bridge,سعر ايفون ١١ برو ماكس,2900,Informational,18,0.02
bridge,سعر ايفون ١٥ برو ماكس,2900,Informational,18,0.12
bridge,سعر سامسونج a17 في مصر,2900,Informational,28,0.03
bridge,سعر سامسونج a54 في مصر,2900,Informational,18,0.03
bridge,سعر سامسونج a55 في مصر,2900,Informational,18,0.04
bridge,سعر سامسونج a73 في مصر,2900,Informational,18,0.09
bridge,سعر سامسونج نوت 20 الترا,2900,Informational,18,0.02
bridge,apple iphone 16 pro max,2900,"Informational, Transactional",36,0.03
bridge,سعر تليفون اوبو رينو 12,2900,Informational,18,0.02
bridge,iphone 16 pro max price in egypt,2400,Informational,16,0.04
bridge,سعر ايفون 15 برو max في مصر 256,2400,Informational,18,0.06
bridge,سعر ايفون 11 في مصر 2021,2400,Informational,19,0.14
bridge,سعر ايفون 12 برو max في مصر اليوم,2400,Informational,21,0.02
bridge,سعر ايفون 13 برو max في مصر 128 جيجا,2400,Informational,18,0.02
bridge,سعر ايفون 13 برو max في مصر اليوم,2400,Informational,18,0.04
bridge,سعر ايفون 13 برو في مصر,2400,Informational,18,0.15
bridge,سعر ايفون 7 بلس 128 جيجا,2400,Informational,21,0.03
bridge,سعر ايفون xs max في مصر 2021,2400,Informational,18,0.15
bridge,كم سعر ايفون 17 برو ماكس,2400,Informational,18,0.04
bridge,سعر سامسونج a12 في مصر 128 جيجا,2400,Informational,16,0.03
bridge,سعر سامسونج a23's في مصر,2400,Informational,18,0.10
bridge,سعر سامسونج s25 الترا في مصر,2400,Informational,30,0.03
bridge,سعر موبايل ريدمي نوت 10,2400,Informational,18,0.03
bridge,سعر الايفون 14 برو ماكس,2400,Informational,19,0.05
bridge,سعر ايفون 14 برو ماكس,2400,Informational,19,0.03
bridge,سعر سامسونج a14 في مصر,2400,Informational,18,0.05
bridge,سعر سامسونج a31s في مصر,2400,Informational,17,0.24
bridge,سعر سامسونج نوت 10 بلس,2400,Informational,18,0.15
bridge,سعر تليفون اوبو 128 جيجا 6 رام,2400,Informational,17,0.01
bridge,سعر تليفون ريدمي نوت 12,2400,Informational,20,0.02
bridge,سعر تليفون ريدمي نوت 9,2400,Informational,21,0.36
bridge,apple iphone 14 pro max release date,1900,Informational,41,0.32
bridge,iphone 13 pro max price egypt,1900,Informational,18,0.06
bridge,سعر ايفون 12 برو max في مصر,1900,Informational,16,0.01
bridge,سعر ايفون 12 برو max في مصر 256,1900,Informational,18,0.03
bridge,سعر ايفون ١٦ برو ماكس في مصر,1900,Informational,,0.02
bridge,سعر ايفون 12 برو max مستعمل,1900,Informational,18,0.01
bridge,سعر ايفون 16 برو max بالمصري,1900,Informational,18,0.03
bridge,سعر ايفون ١٢ برو في مصر,1900,Informational,16,0.06
bridge,سعر سامسونج a13 في مصر 128 جيجا,1900,Informational,18,0.07
bridge,سعر سامسونج a30s في مصر 2020,1900,Informational,18,0.00
bridge,سعر سامسونج a52 في مصر اليوم,1900,Informational,18,0.05
bridge,سعر سامسونج s25 ultra في مصر,1900,Informational,24,0.05
bridge,سعر سامسونج تاب a7 في مصر,1900,Informational,18,0.11
bridge,سعر شاشة سامسونج 43 سمارت 4k,1900,Informational,18,0.02
bridge,سعر موبايل ريدمي نوت 12,1900,Informational,18,0.02
bridge,سعر ايفون 11 برو max,1900,Informational,18,0.02
bridge,سعر ايفون 13 في مصر,1900,Informational,18,0.03
bridge,سعر ايفون ١٤ برو ماكس,1900,Informational,18,0.09
bridge,سعر سامسونج a13 في مصر,1900,Informational,18,0.02
bridge,سعر سامسونج a22 في مصر,1900,Informational,18,0.03
bridge,سعر سامسونج a34 256 جيجا,1900,Informational,18,0.02
bridge,سعر سامسونج a35 في مصر,1900,Informational,18,0.03
bridge,سعر سامسونج a52s في مصر,1900,Informational,17,0.06
bridge,سعر سامسونج m11 في مصر,1900,Informational,17,0.08
bridge,سعر سامسونج m51 في مصر,1900,Informational,18,0.43
bridge,سعر شاشة سامسونج 32 بوصة,1900,Informational,18,0.02
bridge,سعر تليفون اوبو رينو 4,1900,Informational,18,0.03
bridge,سعر تليفون ريلمي سي 53,1900,Informational,18,0.02
bridge,apple iphone 13 pro max release date,1600,Informational,32,0.70
bridge,iphone 14 pro max price egypt,1600,Informational,18,0.03
bridge,سعر ايفون 11 في مصر 128 جيجا,1600,Informational,18,0.35
bridge,samsung s25 ultra price in egypt,1600,Informational,22,0.20
bridge,سعر ايفون 11 برو في مصر 2020,1600,Informational,18,0.08
bridge,سعر ايفون 14 برو max في مصر,1600,Informational,18,0.02
bridge,سعر سامسونج a10s في مصر 2021,1600,Informational,18,0.05
bridge,سعر سامسونج a12 في مصر 64 جيجا,1600,Informational,18,0.00
bridge,سعر سامسونج a15 في مصر 128 جيجا,1600,Informational,17,0.10
bridge,سعر سامسونج a21s في مصر 2021,1600,Informational,18,0.29
bridge,سعر سامسونج a24 في مصر رام 8,1600,Informational,18,0.02
bridge,سعر سامسونج a71 في مصر 2021,1600,Informational,18,0.00
bridge,سعر سامسونج s21 ultra في مصر,1600,Informational,16,0.02
bridge,سعر شاشة سامسونج 32 بوصة سمارت,1600,Informational,18,0.02
bridge,سعر شاشة سامسونج 55 بوصة سمارت 4k,1600,Informational,18,0.02
bridge,apple iphone 13 pro max,1600,Informational,18,0.02
bridge,سعر ايفون اكس اس ماكس,1600,Informational,16,0.18
bridge,سعر سامسونج a05s في مصر,1600,Informational,21,0.03
bridge,سعر سامسونج a23s في مصر,1600,Informational,18,0.05
bridge,سعر سامسونج a25 في مصر,1600,Informational,18,0.03
bridge,سعر سامسونج a34 في مصر,1600,Informational,16,0.04
bridge,سعر سامسونج a52 في مصر,1600,Informational,18,0.03
bridge,سعر سامسونج a53 في مصر,1600,Informational,18,0.02
bridge,سعر سامسونج a72 في مصر,1600,Informational,18,0.07
bridge,سعر سامسونج s24 الترا بالدولار,1600,Informational,15,0.05
bridge,apple iphone 14 release date,1600,Informational,42,0.05
bridge,سعر تليفون اوبو اي 5,1600,Informational,18,0.21
bridge,سعر تليفون اوبو رينو 5,1600,Informational,18,0.02
bridge,سعر تليفون ريدمي نوت 14,1600,Informational,20,0.03
bridge,سعر ايفون 12 pro max في مصر,1300,Informational,18,0.11
bridge,سعر ايفون 15 برو max في مصر 256 اليوم,1300,Informational,23,0.02
bridge,سعر تليفون ايفون 15 برو ماكس,1300,Informational,18,0.04
bridge,سعر تابلت سامسونج a7 بتاع المدارس,1300,Informational,20,0.00
bridge,سعر سامسونج a21s في مصر 64 جيجا,1300,Informational,18,0.05
bridge,سعر سامسونج a21s في مصر اليوم,1300,Informational,18,0.07
bridge,سعر سامسونج a24 في مصر 6 رام,1300,Informational,15,0.02
bridge,سعر سامسونج a55 في مصر 256 جيجا,1300,Informational,18,0.02
bridge,سعر سامسونج a72 في مصر اليوم,1300,Informational,18,0.23
bridge,سعر سامسونج نوت 20 الترا في مصر,1300,Informational,16,0.17
bridge,سعر موبايل ريدمي نوت 10 برو,1300,Informational,18,0.05
bridge,سعر موبايل اوبو رينو 15,1300,Informational,20,0.03
bridge,سعر موبايل اوبو رينو 4,1300,Informational,18,0.03
bridge,سعر موبايل سامسونج s24 ultra,1300,Informational,24,0.09
bridge,سعر موبايل سامسونج s25 ultra,1300,Informational,21,0.05
bridge,سعر ايفون 13 256 جيجا,1300,Informational,18,0.04
bridge,سعر ايفون ١٣ في مصر,1300,Informational,18,0.05
bridge,سعر سامسونج a02s في مصر,1300,Informational,18,0.09
bridge,سعر سامسونج a12s في مصر,1300,Informational,16,0.05
bridge,سعر سامسونج a33 في مصر,1300,Informational,16,0.04
bridge,سعر سامسونج m31 في مصر,1300,Informational,18,0.06
bridge,سعر سامسونج m52 في مصر,1300,Informational,18,0.04
bridge,سعر سامسونج s25 الترا بالدولار,1300,Informational,30,0.15
bridge,سعر شاشه سامسونج ٦٥ بوصه,1300,Informational,20,0.02
bridge,سعر تليفون فيفو 128 جيجا,1300,Informational,18,0.01
bridge,سعر ايفون 12 في مصر 128 جيجا,1000,Informational,17,0.03
bridge,سعر ايفون 15 برو ماكس في مصر,1000,Informational,17,0.07
bridge,سعر سامسونج a51 في مصر اليوم,1000,Informational,14,0.06
bridge,سعر هاتف سامسونج bts في مصر,1000,Informational,17,0.28
bridge,سعر ايفون 12 برو في مصر,1000,Informational,18,0.06
bridge,سعر ايفون xr في مصر 2021,1000,Informational,18,0.28
bridge,كم سعر ايفون 15 برو ماكس,1000,Informational,17,0.15
bridge,سعر سامسونج a03s في مصر 2022,1000,Informational,21,0.07
bridge,سعر سامسونج a12 في مصر 2022,1000,Informational,18,0.04
bridge,سعر سامسونج a20s في مصر 2020,1000,Informational,18,0.00
bridge,سعر سامسونج a52s في مصر اليوم,1000,Informational,19,0.05
bridge,سعر سامسونج a54 في مصر 256 جيجا,1000,Informational,17,0.04
bridge,سعر سامسونج a71 في مصر اليوم,1000,Informational,18,0.00
bridge,سعر سامسونج a73 في مصر 256 جيجا,1000,Informational,17,0.20
bridge,سعر سامسونج m51 في مصر 2021,1000,Informational,16,0.14
bridge,سعر سامسونج اس 22 الترا في مصر,1000,Informational,17,0.03
bridge,سعر سامسونج نوت 10 بلس في مصر 2021,1000,Informational,17,0.31
bridge,سعر شاشة سامسونج 65 سمارت 4k 65tu7000,1000,Informational,18,0.03
bridge,سعر موبايل اوبو رينو 7,1000,Informational,18,0.02
bridge,سعر موبايل بوكو x3 برو,1000,Informational,20,0.02
bridge,سعر موبايل ريلمي 12 برو,1000,Informational,18,0.02
bridge,سعر ايفون 8 بلس 256,1000,Informational,18,0.04
bridge,سعر سامسونج a04s في مصر,1000,Informational,16,0.03
bridge,سعر سامسونج a31 في مصر,1000,Informational,18,0.07
bridge,سعر شاشة سامسونج 50 بوصة,1000,Informational,18,0.02
bridge,سعر هاتف سامسونج s24 ultra,1000,Informational,21,0.05
bridge,samsung s24 ultra price egypt,1000,Informational,23,0.19
bridge,apple iphone 15 pro max,1000,Informational,23,0.05
bridge,apple iphone 16 release date,1000,Informational,71,0.40
bridge,iphone 11 price in egypt,1000,Informational,18,0.06
bridge,سعر تليفون ريلمي نوت 50,1000,Informational,16,0.05
bridge,iphone 12 pro max price egypt,880,Informational,18,0.02
bridge,سعر ايفون 16 برو max في مصر 256,880,Informational,17,0.03
bridge,سعر ايفون 12 برو max في مصر 128 جيجا,880,Informational,14,0.29
bridge,سعر ايفون xs max في مصر,880,Informational,18,0.04
bridge,سعر سامسونج a21s في مصر 128 جيجا,880,Informational,17,0.00
bridge,سعر سامسونج a24 في مصر 2023,880,Informational,17,0.07
bridge,سعر سامسونج a51 في مصر 2021,880,Informational,15,0.00
bridge,سعر سامسونج نوت 10 بلس في مصر 2020,880,Informational,17,0.39
bridge,سعر تصليح شاشة موبايل سامسونج,880,Informational,24,0.42
bridge,سعر موبايل ريدمي نوت 13,880,Informational,18,0.05
bridge,سعر ايفون 12 في مصر,880,Informational,18,0.15
bridge,سعر ايفون 14 في مصر,880,Informational,16,0.06
bridge,سعر ايفون 8 بلس 2021,880,Informational,18,0.17
bridge,سعر ايفون 8 بلس مستعمل,880,"Informational, Navigational",23,0.07
bridge,سعر ايفون ١٤ في مصر,880,Informational,16,0.07
bridge,سعر سامسونج a04s 128 جيجا,880,Informational,19,0.03
bridge,سعر سامسونج a32 في مصر,880,Informational,18,0.10
bridge,سعر سامسونج اس 24 الترا,880,Informational,26,0.02
bridge,apple iphone 14 pro max,880,Informational,40,0.02
bridge,سعر التليفون الريلمي سي 53,880,Informational,24,0.02
bridge,سعر تليفون اوبو اي 16,880,Informational,18,0.10
bridge,سعر تليفون ريدمي نوت 11,880,Informational,15,0.02
bridge,سعر أيفون 7 بلس 256 جيجا,720,Informational,17,0.00
bridge,سعر ايفون 15 برو max في مصر 512 جيجا,720,Informational,17,0.08
bridge,سعر ايفون اكس ماكس في مصر,720,Informational,17,0.22
bridge,samsung s26 ultra price in egypt,720,Informational,22,0.16
bridge,سعر ايفون 12 برو في مصر 2021,720,Informational,15,0.10
bridge,سعر ايفون 12 في مصر 2021,720,Informational,17,0.05
bridge,سعر ايفون 13 في مصر 128 جيجا,720,Informational,17,0.02
bridge,سعر سامسونج a12 في مصر اليوم,720,Informational,18,0.05
bridge,سعر سامسونج a15 128 جيجا 6 رام,720,Informational,14,0.02
bridge,سعر سامسونج a52s 5g في مصر,720,Informational,17,0.05
bridge,سعر سامسونج m11 في مصر 2021,720,Informational,17,0.00
bridge,سعر سامسونج s20 fe في مصر,720,Informational,17,0.34
bridge,سعر سامسونج نوت 10 بلس 256,720,Informational,15,0.06
bridge,سعر سامسونج نوت 9 في مصر 2021,720,Informational,17,0.15
bridge,سعر شاشة سامسونج 50 بوصة سمارت 4k au7000,720,Informational,16,0.07
bridge,سعر موبايل اوبو a55 مساحة 128,720,Informational,14,0.03
bridge,سعر موبايل اوبو رينو 11,720,Informational,13,0.05
bridge,سعر موبايل ريدمي نوت 11,720,Informational,18,0.06
bridge,سعر ايفون 13 128 جيجا,720,Informational,18,0.02
bridge,سعر تليفون سامسونج s25 ultra,720,Informational,,0.05
bridge,سعر سامسونج a02 في مصر,720,Informational,14,0.04
bridge,سعر سامسونج a23 في مصر,720,Informational,19,0.10
bridge,سعر سامسونج a52 128 جيجا,720,Informational,18,0.00
bridge,سعر سامسونج m62 في مصر,720,Informational,15,0.08
bridge,سعر سامسونج s24 في مصر,720,Informational,23,0.10
bridge,سعر و مواصفات سامسونج a30s,720,Informational,21,0.76
bridge,samsung a35 price in egypt,720,Informational,18,0.03
bridge,apple iphone 11 pro max,720,Informational,33,0.00
bridge,سعر تليفون بوكو x3 برو,720,Informational,15,0.02
bridge,iphone 11 pro max price egypt,590,Informational,17,0.05
bridge,iphone 17 pro price in egypt,590,Informational,15,0.06
bridge,سعر ايفون 6 بلس 128 جيجا,590,Informational,17,0.03
bridge,سعر ايفون 7 بلس 128 جيجا مستعمل,590,Informational,17,0.00
bridge,سعر ايفون 8 بلس مستعمل في مصر 2021,590,Informational,17,0.22
bridge,سعر ايفون 14 برو max في مصر أمازون,590,Informational,21,0.23
bridge,سعر سامسونج a36 في مصر 256 جيجا,590,,,0.03
bridge,سعر سامسونج m31 في مصر 2021,590,Informational,17,0.24
bridge,سعر سامسونج s23 fe في مصر,590,Informational,17,0.04
bridge,سعر سامسونج s26 ultra في مصر,590,Informational,29,0.08
bridge,سعر شاشة سامسونج 50 بوصة سمارت 4k,590,Informational,13,0.02
bridge,سعر شاشة سامسونج 50 بوصة سمارت 4k tu7000,590,Informational,22,0.09
bridge,سعر موبايل oppo reno 5,590,Informational,15,0.03
bridge,iphone 14 pro price egypt,590,Informational,17,0.04
bridge,سعر ايفون ١١ في مصر,590,Informational,16,0.04
bridge,سعر سامسونج a56 256 جيجا,590,,,0.03
bridge,سعر سامسونج a57 في مصر,590,,,0.04
bridge,سعر سامسونج اس 23 الترا,590,Informational,18,0.07
bridge,سعر شاشة سامسونج 43 بوصة,590,Informational,15,0.02
bridge,سعر شاشة سامسونج 65 بوصة,590,Informational,17,0.02
bridge,samsung m51 price in egypt,590,Informational,18,0.35
bridge,apple watch price in egypt,590,Informational,9,0.02
bridge,سعر تليفون ريدمي نوت 13,590,Informational,17,0.03
bridge,apple iphone 15 pro max release date,480,Informational,45,0.16
bridge,apple iphone 16 pro max release date,480,Informational,71,0.00
bridge,iphone 13 pro max price in egypt,480,Informational,17,0.02
bridge,سعر ايفون 15 برو max مصر,480,Informational,17,0.24
bridge,سعر ايفون xs max 256 في مصر,480,Informational,17,0.35
bridge,موعد نزول ايفون 16 برو max,480,Informational,26,0.25
bridge,سعر سامسونج a32 في مصر اليوم,480,Informational,17,0.08
bridge,سعر شاشة سامسونج 43 بوصة سمارت 4k بي تك,480,Informational,22,0.05
bridge,سعر شاشة سامسونج 65 بوصة سمارت,480,Informational,17,0.03
bridge,سعر موبايل سامسونج s23 ultra,480,Informational,18,0.05
bridge,سعر الايفون في مصر اليوم,480,Informational,23,0.05
bridge,سعر ايفون في مصر اليوم,480,Informational,22,0.05
bridge,سعر سامسونج a03s في مصر,480,Informational,16,0.06
bridge,سعر سامسونج a11 في مصر,480,Informational,17,0.20
bridge,سعر سامسونج a16 في مصر,480,Informational,18,0.03
bridge,سعر سامسونج a52 256 جيجا,480,Informational,17,0.05
bridge,سعر سامسونج s22 في مصر,480,Informational,17,0.02
bridge,سعر ومواصفات سامسونج a30 s,480,Informational,17,0.00
bridge,samsung a55 price in egypt,480,Informational,18,0.05
bridge,samsung s22 ultra price egypt,480,Informational,17,0.20
bridge,samsung s23 ultra price egypt,480,Informational,17,0.07
bridge,samsung s25 ultra release date,480,Informational,58,0.68
bridge,iphone 15 pro max release date,390,Informational,55,0.22
bridge,ارخص سعر ايفون 11 في مصر,390,Informational,18,0.07
bridge,سعر ايفون 11 برو 256 جيجا,390,Informational,17,0.25
bridge,سعر ايفون 11 برو في مصر,390,Informational,17,0.09
bridge,سعر ايفون 16 برو max بالدولار,390,Informational,21,0.18
bridge,سعر ايفون 11 برو ماكس في مصر,390,Informational,17,0.05
bridge,سعر تليفون ايفون 11 برو ماكس,390,Informational,17,0.00
bridge,موعد نزول ايفون 14 برو max,390,Informational,24,0.12
bridge,سعر تابلت سامسونج a7 في مصر,390,Informational,16,0.06
bridge,سعر سامسونج a35 في مصر 256 جيجا,390,Informational,14,0.02
bridge,سعر شاشة سامسونج 50 بوصة سمارت,390,Informational,17,0.02
bridge,سعر شاشة سامسونج 70 بوصة سمارت 4k,390,Informational,16,0.05
bridge,سعر سامسونج m31s في مصر,390,Informational,17,0.07
bridge,سعر شاشة سامسونج 55 بوصة,390,Informational,17,0.02
bridge,samsung a52 price in egypt,390,Informational,14,0.03
bridge,apple iphone 18 pro max,390,"Informational, Transactional",29,0.91
bridge,سعر التليفون الاوبو اي 5,390,Informational,17,0.21
bridge,iphone 16 pro max release date,320,Informational,70,0.39
bridge,iphone xs max price in egypt,320,Informational,17,0.18
bridge,سعر ايفون 17 برو max في مصر 512,320,Informational,16,0.06
bridge,سعر ايفون 8 في مصر 2021,320,Informational,16,0.10
bridge,سعر تليفون ايفون 16 برو ماكس,320,Informational,15,0.07
bridge,سعر سامسونج a07 128 جيجا 6 رام,320,Informational,16,0.03
bridge,سعر سامسونج a15 في مصر 256 جيجا,320,Informational,22,0.08
bridge,سعر سامسونج a23 في مصر 2023,320,Informational,17,0.05
bridge,سعر سامسونج نوت 10 بلس في مصر اليوم,320,Informational,16,0.25
bridge,سعر شاشة سامسونج 50 سمارت 4k,320,Informational,17,0.05
bridge,سعر شاشة سامسونج ٥٠ بوصة سمارت,320,Informational,16,0.03
bridge,سعر موبايل ريلمي نوت 50,320,Informational,14,0.02
bridge,سعر الايفون 14 في مصر,320,Informational,17,0.05
bridge,سعر ايفون 7 بلس مستعمل,320,Informational,15,0.00
bridge,سعر ايفون ١٢ في مصر,320,Informational,17,0.13
bridge,سعر ومواصفات ايفون 8 بلس,320,Informational,14,0.00
bridge,كم سعر ايفون xs max,320,Informational,17,0.42
bridge,سعر تابلت سامسونج 12 بوصة,320,Informational,19,0.01
bridge,سعر سامسونج s21 في مصر,320,Informational,17,0.01
bridge,سعر ومواصفات تابلت سامسونج a6,320,Informational,17,0.00
bridge,سعر تليفون اوبو رينو 10,320,Informational,16,0.00
bridge,iphone 11 pro price in egypt,260,Informational,16,0.04
bridge,iphone 12 pro price in egypt,260,Informational,16,0.17
bridge,سعر ايفون 8 بلس 128 جيجا في مصر اليوم,260,Informational,14,0.04
bridge,سعر ومواصفات ايفون 14 برو max,260,Informational,10,0.25
bridge,سعر سامسونج a50 في مصر اليوم,260,Informational,16,0.00
bridge,سعر سامسونج m11 في مصر اليوم,260,Informational,17,0.00
bridge,سعر شاشة سامسونج 32 بوصة سمارت 4k,260,Informational,14,0.03
bridge,سعر شاشة سامسونج 65 بوصة سمارت 4k,260,Informational,14,0.02
bridge,سعر ايفون x 256 مستعمل,260,Informational,17,0.00
bridge,سعر ايفون x في مصر,260,Informational,17,0.00
bridge,سعر تليفون ايفون اكس ماكس,260,Informational,17,0.25
bridge,كم سعر ايفون 8 بلس,260,Informational,17,0.00
bridge,سعر سامسونج a20s في مصر,260,Informational,17,0.00
bridge,سعر سامسونج a7 في مصر,260,Informational,19,0.33
bridge,سعر شاشة 55 بوصة سامسونج,260,Informational,14,0.03
bridge,سعر شاشة سامسونج 32 سمارت,260,Informational,16,0.02
bridge,سعر شاشة سامسونج 60 بوصة,260,Informational,13,0.03
bridge,samsung mobile prices in egypt,260,Informational,21,0.03
bridge,سعر ايفون 11 في مصر اليوم,210,Informational,16,0.08
bridge,سعر ايفون 16 بلس في مصر,210,Informational,16,0.04
bridge,سعر سامسونج s10 بلس في مصر اليوم,210,Informational,16,0.06
bridge,سعر ايفون 6 اس بلس 64 جيجا,210,Informational,16,0.00
bridge,سعر ايفون xs max في مصر مستعمل,210,Informational,16,0.03
bridge,سعر ايفون ١١ برو ماكس في مصر,210,Informational,16,0.00
bridge,سعر سامسونج a14 في مصر 64 جيجا,210,Informational,13,0.07
bridge,سعر موبايل اوبو رينو 10,210,Informational,16,0.00
bridge,سعر موبايل ريدمي 8 برو,210,Informational,16,0.15
bridge,سعر موبايل فيفو v40 لايت,210,Informational,16,0.02
bridge,سعر ايفون 16 في مصر,210,Informational,14,0.06
bridge,سعر ايفون 6 بلس مستعمل,210,Informational,17,0.05
bridge,سعر ايفون 7 برو ماكس,210,Informational,16,0.00
bridge,سعر سامسونج نوت 10 لايت,210,Informational,16,0.00
bridge,سعر سامسونج نوت 8 مستعمل,210,"Informational, Navigational",22,0.00
bridge,سعر شاشة 65 بوصة سامسونج,210,Informational,16,0.02
bridge,سعر شاشة سامسونج 43 سمارت,210,Informational,26,0.02
bridge,سعر شاشة سامسونج 55 سمارت,210,Informational,14,0.02
bridge,سعر شاشة سامسونج ٤٣ سمارت,210,Informational,16,0.02
bridge,سعر شاشة سامسونج ٥٠ بوصة,210,Informational,16,0.02
bridge,سعر شاشه 50 بوصه سامسونج,210,Informational,16,0.02
bridge,سعر ميكروويف سامسونج 40 لتر,210,Informational,7,0.02
bridge,سعر هاتف سامسونج a 10,210,Informational,16,1.16
bridge,samsung a72 price in egypt,210,Informational,16,0.06
bridge,iphone xr price in egypt,210,Informational,14,0.33
bridge,سعر اشتراك التليفون الارضى استقبال فقط,210,Informational,18,0.00
bridge,iphone 11 pro max price in egypt,170,Informational,16,0.00
bridge,iphone 8 plus price in egypt,170,Informational,16,0.18
bridge,سعر ايفون 11 pro max في مصر,170,Informational,13,0.16
bridge,سعر ايفون 11 برو في مصر 256 جيجا,170,Informational,16,0.31
bridge,كم سعر ايفون 11 في مصر,170,Informational,17,0.40
bridge,سعر شاشة سامسونج 43 بوصة سمارت,170,Informational,18,0.02
bridge,سعر شاشة سامسونج ٥٥ بوصة سمارت,170,Informational,16,0.02
bridge,سعر موبايل oppo a9 2020,170,Informational,16,0.00
bridge,اقل سعر ايفون في مصر,170,Informational,23,0.03
bridge,سعر الايفون اليوم في مصر,170,Informational,23,0.08
bridge,سعر ايفون xs في مصر,170,Informational,14,0.00
bridge,سعر ايفون برو ماكس 11,170,Informational,14,0.00
bridge,كم سعر ايفون 7 بلس,170,Informational,14,0.00
bridge,سعر سامسونج a37 في مصر,170,,,0.04
bridge,سعر سامسونج a5 في مصر,170,Informational,14,0.00
bridge,سعر سامسونج a6 في مصر,170,Informational,16,0.00
bridge,سعر سامسونج اس 7 ايدج,170,Informational,16,0.00
bridge,سعر شاشة 32 بوصة سامسونج,170,Informational,16,0.02
bridge,سعر شاشة سامسونج 42 بوصة,170,Informational,24,0.02
bridge,سعر شاشه سامسونج ٥٥ بوصه,170,Informational,19,0.03
bridge,سعر ميكروويف سامسونج 32 لتر,170,Informational,13,0.02
bridge,سعر هاتف سامسونج القابل للطي,170,Informational,24,0.00
bridge,سعر هاتف سامسونج قابل للطي,170,Informational,17,0.00
bridge,samsung a21s price in egypt,170,Informational,16,0.16
bridge,samsung s26 price in egypt,170,Informational,17,0.15
bridge,سعر التليفون الهواوي واي 9,170,Informational,18,0.00
bridge,سعر تليفون ريدمى نوت 8,170,Informational,16,0.00
bridge,سعر ايفون 14 برو max في دبي,140,Informational,15,0.09
bridge,سعر ايفون 6 بلس 128 جيجا مستعمل,140,Informational,15,0.06
bridge,سعر ايفون 6 مستعمل 64 جيجا,140,Informational,16,0.00
bridge,سعر ايفون xr في مصر اليوم,140,Informational,16,0.00
bridge,سعر موبايل ايفون 11 برو ماكس,140,Informational,16,0.00
bridge,موعد نزول ايفون 14 في مصر,140,Informational,20,0.09
bridge,سعر تكييف سامسونج 1.5 حصان,140,Informational,8,0.00
bridge,سعر سامسونج a70 في مصر اليوم,140,Informational,16,0.00
bridge,سعر شاشة سامسونج 40 بوصة سمارت في كارفور,140,Informational,22,0.02
bridge,سعر شاشة سامسونج 48 بوصة سمارت,140,Informational,16,0.01
bridge,سعر شاشة سامسونج 55 بوصة سمارت,140,Informational,15,0.03
bridge,سعر شاشة سامسونج 58 بوصة سمارت 4k,140,Informational,15,0.02
bridge,سعر شاشة سامسونج 60 بوصة سمارت,140,Informational,16,0.02
bridge,سعر شاشة سامسونج سمارت 43 بوصة,140,Informational,13,0.02
bridge,سعر موبايل سامسونج نوت 10 بلس,140,Informational,15,0.00
bridge,سعر موبايل infinix zero في مصر,140,Informational,15,0.00
bridge,اقل سعر موبايل في مصر,140,Informational,23,0.03
bridge,سعر موبايل انفنكس هوت 8,140,Informational,14,0.00
bridge,سعر موبايل هواوى واى 7,140,Informational,17,0.00
bridge,سعر الايفون في السراج مول,140,Informational,28,0.02
bridge,سعر ايفون 11 256 جيجا,140,Informational,13,0.07
bridge,سعر ايفون 7 في مصر,140,Informational,16,0.45
bridge,سعر ايفون 8 في مصر,140,Informational,16,0.00
bridge,سعر ايفون xr في مصر,140,Informational,16,0.00
bridge,سعر ايفون ٧ بلس مستعمل,140,Informational,16,0.00
bridge,سعر ايفون ٨ بلس مستعمل,140,Informational,21,0.00
bridge,سعر التليفون السامسونج اي 20,140,Informational,13,0.00
bridge,سعر تليفون سامسونج a 20,140,Informational,16,0.00
bridge,سعر سامسونج اس 20 الترا,140,Informational,13,0.58
bridge,سعر سامسونج جراند برايم بلس,140,Informational,18,0.00
bridge,سعر شاشات سامسونج 32 مستعملة,140,Informational,18,0.00
bridge,سعر شاشة سامسونج 40 بوصة,140,Informational,13,0.03
bridge,سعر شاشة سامسونج 40 سمارت,140,Informational,13,0.03
bridge,سعر شاشة سامسونج ٣٢ بوصة,140,Informational,16,0.02
bridge,سعر شاشه ٥٥ بوصه سامسونج,140,Informational,16,0.02
bridge,apple iphone 15 release date,140,Informational,54,0.13
bridge,apple watch 7 release date,140,Informational,46,0.70
bridge,سعر التليفون الاوبو اف 9,140,Informational,16,0.00
bridge,سعر تليفون realme 5 pro,140,Informational,16,0.13
bridge,سعر تليفون شاومي نوت 10,140,Informational,16,0.00
bridge,سعر متر سلك التليفون الارضي,140,Informational,9,0.00
bridge,samsung s20 ultra price in egypt,110,Informational,15,0.24
bridge,سعر ايفون 7 بلس 128 جيجا في مصر اليوم,110,Informational,15,0.00
bridge,سعر ايفون 8 بلس في مصر,110,Informational,16,0.00
bridge,سعر ايفون x max في مصر,110,Informational,14,0.00
bridge,سعر ايفون xs في مصر اليوم,110,Informational,16,0.00
bridge,سعر سامسونج a50s في مصر اليوم,110,Informational,16,0.00
bridge,سعر شاشة سامسونج 49 بوصة سمارت 4k,110,Informational,15,0.03
bridge,سعر شاشة سامسونج 75 بوصة في مصر,110,Informational,18,0.03
bridge,سعر شاشه سامسونج 55 بوصه كيرف سمارت,110,Informational,16,0.00
bridge,سعر سامسونج نوت 5 مستعمل,110,"Informational, Transactional",16,0.00
bridge,سعر موبايل ريدمي نوت 8,110,Informational,15,0.00
bridge,سعر موبايل ريدمي نوت 9,110,Informational,18,0.00
bridge,سعر موبايل شاومي ريدمي 6,110,Informational,16,0.00
bridge,سعر موبايل هواوي نوفا 9,110,Informational,16,0.02
bridge,سعر الايفون الصيني في مصر,110,Informational,18,0.00
bridge,سعر ايفون 10 في مصر,110,Informational,13,0.00
bridge,سعر ايفون 11 128 جيجا,110,Informational,16,0.00
bridge,سعر ايفون 16 pro max,110,Informational,13,0.14
bridge,سعر ايفون 7 بلس اليوم,110,Informational,16,0.00
bridge,سعر تليفون ايفون xs max,110,Informational,16,0.00
bridge,سعر ومواصفات ايفون 7 بلس,110,Informational,18,0.00
bridge,كم سعر ايفون اكس ار,110,Informational,16,0.00
bridge,samsung phones prices in egypt,110,Informational,19,0.02
bridge,سعر التليفون السامسونج اي 30,110,Informational,16,0.00
bridge,سعر اي سي باور سامسونج,110,Informational,26,0.00
bridge,سعر تغيير شاشة سامسونج a30,110,Informational,29,0.00
bridge,سعر تليفون سامسونج اي 30,110,Informational,16,0.00
bridge,سعر سامسونج a20 في مصر,110,Informational,17,0.00
bridge,سعر سامسونج s20 في مصر,110,Informational,16,0.00
bridge,سعر سامسونج s7 edge مستعمل,110,"Informational, Transactional",19,0.00
bridge,سعر شاشة 60 بوصة سامسونج,110,Informational,12,0.04
bridge,سعر شاشة سامسونج 75 بوصة,110,Informational,16,0.03
bridge,سعر شاشة سامسونج نوت 9,110,Informational,24,0.00
bridge,سعر شاشة سامسونج ٣٢ سمارت,110,Informational,16,0.02
bridge,سعر شاشة سامسونج ٦٠ بوصة,110,Informational,16,0.02
bridge,سعر ميكروويف سامسونج 42 لتر,110,Informational,16,0.02
bridge,سعر هاند فري سامسونج اصلي,110,Informational,15,0.00
bridge,سعر ومواصفات سامسونج a13 5g,110,Informational,21,0.00
bridge,سعر التليفون الهواوي y9 2019,110,Informational,13,0.00
bridge,سعر تليفون اوبو اف 11,110,Informational,14,0.00
bridge,samsung galaxy phones list with price,90,Informational,41,0.03
bridge,سعر ايفون xr 128 في مصر,90,Informational,15,0.00
bridge,سعر ايفون 7 بلس 64 جيجا,90,Informational,13,0.00
bridge,سعر تكييف سامسونج 2.25 حصان,90,Informational,9,0.07
bridge,سعر تليفون سامسونج نوت 10 بلس,90,Informational,13,0.00
bridge,سعر سامسونج a10 s في مصر,90,Informational,15,0.00
bridge,سعر سامسونج s10 في مصر اليوم,90,Informational,15,0.00
bridge,سعر سامسونج s8 بلس في مصر اليوم,90,Informational,13,0.00
bridge,سعر سامسونج تاب a6 في مصر,90,Informational,15,0.21
bridge,سعر سامسونج نوت 10 بلس 5g,90,Informational,15,0.00
bridge,سعر سامسونج نوت 8 128 جيجا,90,Informational,15,0.00
bridge,سعر شاشة سامسونج 60 بوصة سمارت 4k,90,Informational,16,0.03
bridge,سعر شاشة سامسونج 65 بوصة qled,90,,,0.03
bridge,سعر شاشة سامسونج a30 في مصر,90,Informational,18,0.00
bridge,سعر شاشة سامسونج s8 plus في مصر,90,Informational,15,0.00
bridge,سعر شاشة سامسونج سمارت 50 بوصة,90,,,0.02
bridge,سعر موبايل لافا a3 في مصر,90,Informational,14,0.00
bridge,أرخص سعر موبايل في مصر,90,Informational,32,0.04
bridge,iphone 11 pro price egypt,90,Informational,15,0.23
bridge,سعر ايفون se في مصر,90,Informational,16,0.00
bridge,سعر تليفون ايفون 11 برو,90,Informational,16,0.00
bridge,كم سعر ايفون 9 بلس,90,Informational,15,0.00
bridge,سعر تليفون سامسونج اي 7,90,Informational,13,0.00
bridge,سعر سامسونج a10 في مصر,90,Informational,13,0.00
bridge,سعر سامسونج a10s في مصر,90,Informational,15,0.00
bridge,سعر سامسونج a30s في مصر,90,Informational,15,0.00
bridge,سعر سامسونج a7 2018 مستعمل,90,"Informational, Navigational",18,0.00
bridge,سعر سامسونج اس 6 ايدج,90,Informational,13,0.00
bridge,سعر سامسونج نوت 10 برو,90,Informational,15,0.00
bridge,سعر شاشة سامسونج نوت 8,90,Informational,14,0.00
bridge,سعر مكنسة سامسونج 1800 وات,90,Informational,18,0.01
bridge,سعر ميكروويف سامسونج 34 لتر,90,Informational,9,0.02
bridge,iphone 7 plus price in egypt,70,"Informational, Transactional",15,0.07
bridge,سعر ايفون 6 اس بلس 128 جيجا في مصر,70,Informational,14,0.00
bridge,سعر ايفون ١١ برو في مصر,70,Informational,15,0.00
bridge,سعر ايفون 7 128 جيجا مستعمل,70,"Informational, Transactional",13,0.00
bridge,سعر ايفون 8 مستعمل في مصر,70,Informational,15,0.00
bridge,سعر هاتف ايفون 11 برو ماكس,70,Informational,13,0.00
bridge,سعر سامسونج s9 في مصر اليوم,70,Informational,15,0.00
bridge,سعر شاشة سامسونج 40 بوصة سمارت 4k,70,Informational,12,0.03
bridge,سعر موبايل هواوي y7 prime 2018,70,Informational,12,1.36
bridge,سعر اصغر موبايل في مصر,70,,,0.00
bridge,سعر موبايل ايفون xs max,70,Informational,16,0.15
bridge,سعر موبايل سامسونج a10 s,70,Informational,14,0.57
bridge,سعر موبايل هوبي في مصر,70,Informational,13,0.00
bridge,iphone 10 price in egypt,70,Informational,24,0.00
bridge,سعر ايفون 11 برو مكس,70,Informational,15,0.00
bridge,سعر تليفون ايفون 8 بلس,70,Informational,16,0.00
bridge,samsung a71 price in egypt,70,Informational,15,0.00
bridge,سعر ايباد سامسونج 10 بوصة,70,Informational,15,0.00
bridge,سعر تليفون سامسونج نوت 10,70,Informational,15,0.00
bridge,سعر سامسونج a10 سوق كوم,70,Informational,15,0.00
bridge,سعر لاب توب سامسونج i5,70,Informational,16,0.00
bridge,samsung a51 price in egypt,70,Informational,15,0.00
bridge,سعر التليفون الهواوي y7 2019,70,Informational,16,0.00
